Platform,Handle,Content_Type,Title_Caption,URL,Content_ID,Upload_Date,Views,Likes,Tournament,Accreditation_Status,Content_Format,Featured_Entities,Featured_On_Portfolio
YouTube,@spinandswing26,Short,Gt fan vs Mi fan,https://www.youtube.com/shorts/DxgBGpUzZ08,DxgBGpUzZ08,2026-05-31,18674473,0,IPL 2026,Independent Fan Coverage,Fan Vox Pop & Stadium Reaction,"Gujarat Titans (GT), Mumbai Indians (MI)",No
Instagram,@abhishekpandey_26,Reel,Ye kab GT me aaya !! (Viral 7.4M Hit),https://www.instagram.com/reel/DW84LM4y4Fr/,DW84LM4y4Fr,March – May 2026,11183667,592684,IPL 2026,Independent Fan Coverage,Viral Stadium Moment & Banter,Gujarat Titans (GT),Yes
YouTube,@spinandswing26,Short,Guess the Jersey number !,https://www.youtube.com/shorts/YPeQi6-h30M,YPeQi6-h30M,2026-01-18,7725178,0,General Cricket Trivia Series,Creator Studio / Digital Production,Cricket Trivia & Jersey Guessing,Spin & Swing,No
YouTube,@spinandswing26,Short,Guess the Player | Spin & Swing,https://www.youtube.com/shorts/5XcoId1xQfI,5XcoId1xQfI,2025-05-28,5355852,0,General Cricket Trivia Series,Creator Studio / Digital Production,Cricket Trivia & Player Guessing,Spin & Swing,No
YouTube,@spinandswing26,Short,Guess the Jersey number - Pt 10,https://www.youtube.com/shorts/ehA4CLVExQM,ehA4CLVExQM,2026-03-05,3861570,0,General Cricket Trivia Series,Creator Studio / Digital Production,Cricket Trivia & Jersey Guessing,Spin & Swing,No
Instagram,@spinandswing26,Reel,Reel (DTvNKDgiBAy),https://www.instagram.com/reel/DTvNKDgiBAy/,DTvNKDgiBAy,2026,3098706,149300,Cricket Coverage & Commentary,Independent Fan Coverage,Short-form Cricket Content,Spin & Swing,No
Instagram,@spinandswing26,Reel,Reel (DY_WIswoF99),https://www.instagram.com/reel/DY_WIswoF99/,DY_WIswoF99,2026,2558140,3,Cricket Coverage & Commentary,Independent Fan Coverage,Short-form Cricket Content,Spin & Swing,No
YouTube,@spinandswing26,Short,Guess the squad of T20 World Cup ?,https://www.youtube.com/shorts/O0ILNSPGcsM,O0ILNSPGcsM,2026-01-20,1054229,0,ICC Men's T20 World Cup 2026,Creator Studio / Digital Production,Cricket Trivia & Squad Quiz,Spin & Swing,No
YouTube,@spinandswing26,Short,Guess the Squad of Gt !!,https://www.youtube.com/shorts/kaCk8jJC1Rk,kaCk8jJC1Rk,2026-05-29,1001490,0,IPL 2026,Creator Studio / Digital Production,Cricket Trivia & Squad Quiz,Gujarat Titans (GT),No
YouTube,@spinandswing26,Short,Guess the Jersey number - Pt 11,https://www.youtube.com/shorts/R0V4qcXudOk,R0V4qcXudOk,2026-03-06,984581,0,General Cricket Trivia Series,Creator Studio / Digital Production,Cricket Trivia & Jersey Guessing,Spin & Swing,No
YouTube,@spinandswing26,Short,Guess the Squad of RCB !!,https://www.youtube.com/shorts/GIJrFq2RTgE,GIJrFq2RTgE,2026-05-30,849955,0,IPL 2026,Creator Studio / Digital Production,Cricket Trivia & Squad Quiz,Royal Challengers Bengaluru (RCB),No
Instagram,@abhishekpandey_26,Reel,Batao kaha hai meri Gujarat ?? (GT Fan Special),https://www.instagram.com/reel/DY8twCQohkY/,DY8twCQohkY,March – May 2026,812500,65000,IPL 2026,Independent Fan Coverage,Stadium Vlog & Fan Reaction,Gujarat Titans (GT),Yes
Instagram,@abhishekpandey_26,Reel,Story behind the 6-7 Celebration (DPL),https://www.instagram.com/reel/DcRzXB-zlPg/,DcRzXB-zlPg,August – September 2026,800000,64000,DPL 2026 (Delhi Premier League),Accredited (DPL Field-of-Play Media Pass),Boundary Rope Story & Celebration,Delhi Premier League (DPL),Yes
YouTube,@spinandswing26,Short,Guess the Player | IPL 2024 @gujarattitans,https://www.youtube.com/shorts/YmwBlCHa-lI,YmwBlCHa-lI,,787000,0,IPL 2026,Creator Studio / Digital Production,Cricket Trivia & Player Guessing,Spin & Swing,No
YouTube,@spinandswing26,Short,Guess the Jersey Number !,https://www.youtube.com/shorts/fjF8DPUcjt8,fjF8DPUcjt8,,691000,0,General Cricket Trivia Series,Creator Studio / Digital Production,Cricket Trivia & Jersey Guessing,Spin & Swing,No
YouTube,@spinandswing26,Short,Guess the Squad of India vs Afghanistan,https://www.youtube.com/shorts/zK8ZpS0cTPo,zK8ZpS0cTPo,,645000,0,General Cricket Trivia Series,Creator Studio / Digital Production,Cricket Trivia & Squad Quiz,Spin & Swing,No
Instagram,@abhishekpandey_26,Reel,We did it @gujarat_titans 🥹 (GT vs MI),https://www.instagram.com/reel/DJUtWygz-T2/,DJUtWygz-T2,March – May 2025,540000,44000,IPL 2025,Independent Fan Coverage,Stadium Vlog & Fan Reaction,"Gujarat Titans (GT), Mumbai Indians (MI)",Yes
YouTube,@spinandswing26,Short,Guess the Csk Players  | Spin & Swing,https://www.youtube.com/shorts/gjh-0L81NIg,gjh-0L81NIg,,518000,0,IPL 2026,Creator Studio / Digital Production,Short-form Cricket Content,Chennai Super Kings (CSK),No
Instagram,@abhishekpandey_26,Reel,Table topper Gujarat Titans!,https://www.instagram.com/reel/DYQOCiysdD0/,DYQOCiysdD0,March – May 2026,512500,41000,IPL 2026,Independent Fan Coverage,Match Reaction & Points Table,Gujarat Titans (GT),Yes
Instagram,@abhishekpandey_26,Reel,"Episode 2 : Story Behind the Post ft - @vanshbedi_ . . . . . #vanshbedi #dpl2026 #delhipremierleague #centraldelhikings . . . . ( Dpl , Delhi Premier league , Dpl Season 3 , Vansh ",https://www.instagram.com/reel/DcOV2DtBXIL/,DcOV2DtBXIL,2026,512000,41000,DPL 2026 (Delhi Premier League),Accredited (DPL Field-of-Play Media Pass),Story Behind the Post (Player Interview),"Vansh Bedi, Central Delhi Kings",Yes
YouTube,@spinandswing26,Short,Guess the Gt  Players Jersey number !,https://www.youtube.com/shorts/3Pith2RxQzo,3Pith2RxQzo,,473000,0,IPL 2026,Creator Studio / Digital Production,Cricket Trivia & Jersey Guessing,Gujarat Titans (GT),No
YouTube,@spinandswing26,Short,Who is the Captain of RCB ?,https://www.youtube.com/shorts/zDfZIgDBGHE,zDfZIgDBGHE,,408000,0,IPL 2026,Independent Fan Coverage,Short-form Cricket Content,Royal Challengers Bengaluru (RCB),No
YouTube,@spinandswing26,Short,Guess the Jersey number - Pt 3,https://www.youtube.com/shorts/4xJrtMA8dRM,4xJrtMA8dRM,,353000,0,General Cricket Trivia Series,Creator Studio / Digital Production,Cricket Trivia & Jersey Guessing,Spin & Swing,No
YouTube,@spinandswing26,Short,Guess the Squad of Gujarat titans !!,https://www.youtube.com/shorts/hEDy_01p90k,hEDy_01p90k,,350000,0,IPL 2026,Creator Studio / Digital Production,Cricket Trivia & Squad Quiz,Gujarat Titans (GT),No
Instagram,@abhishekpandey_26,Reel,There will be one change (Match Analysis),https://www.instagram.com/reel/DVlsJKSjJTH/,DVlsJKSjJTH,February – May 2026,350000,28000,ICC Men's T20 World Cup 2026,Commercial Partner (My11Circle),Tactical & Match Analysis,Team India,Yes
YouTube,@spinandswing26,Short,Guess the Squad of Rcb !,https://www.youtube.com/shorts/dPwUZqMXW6M,dPwUZqMXW6M,,292000,0,IPL 2026,Creator Studio / Digital Production,Cricket Trivia & Squad Quiz,Royal Challengers Bengaluru (RCB),No
YouTube,@spinandswing26,Short,Gujarat Titans Squad !!,https://www.youtube.com/shorts/FOh9liHO8cM,FOh9liHO8cM,,279000,0,IPL 2026,Creator Studio / Digital Production,Cricket Trivia & Squad Quiz,Gujarat Titans (GT),No
YouTube,@spinandswing26,Short,Guess the Csk Player ! | Spin & Swing,https://www.youtube.com/shorts/byDphHuiD50,byDphHuiD50,,274000,0,IPL 2026,Creator Studio / Digital Production,Short-form Cricket Content,Chennai Super Kings (CSK),No
YouTube,@spinandswing26,Short,Guess the Squad of Gt,https://www.youtube.com/shorts/xxq7ZsywBKo,xxq7ZsywBKo,,272000,0,IPL 2026,Creator Studio / Digital Production,Cricket Trivia & Squad Quiz,Gujarat Titans (GT),No
YouTube,@spinandswing26,Short,India Squad vs New Zealand - Pt- 4,https://www.youtube.com/shorts/Y3AR-uqlmoo,Y3AR-uqlmoo,,249000,0,General Cricket Trivia Series,Creator Studio / Digital Production,Cricket Trivia & Squad Quiz,Spin & Swing,No
Instagram,@abhishekpandey_26,Reel,Episode 4 : Story Behind the Post ft. Himmat Singh,https://www.instagram.com/reel/DcdlCohB4qZ/,DcdlCohB4qZ,August – September 2026,237500,19000,DPL 2026 (Delhi Premier League),Accredited (DPL Field-of-Play Media Pass),Story Behind the Post (Player Interview),"Himmat Singh, Delhi Premier League (DPL)",Yes
YouTube,@spinandswing26,Short,Guess the Squad of Indian team Pt - 2,https://www.youtube.com/shorts/aLzViKNysEQ,aLzViKNysEQ,,235000,0,General Cricket Trivia Series,Creator Studio / Digital Production,Cricket Trivia & Squad Quiz,Spin & Swing,No
Instagram,@abhishekpandey_26,Reel,Guess the Player !! | Spin & Swing (RCB),https://www.instagram.com/reel/DKMMtRnIzAE/,DKMMtRnIzAE,March – May 2025,210000,17000,IPL 2025,Independent Fan Coverage,Cricket Trivia & Player Guessing,Royal Challengers Bengaluru (RCB),Yes
YouTube,@spinandswing26,Short,Guess the squad of Gt !!,https://www.youtube.com/shorts/mYVUtro_6Hk,mYVUtro_6Hk,,209000,0,IPL 2026,Creator Studio / Digital Production,Cricket Trivia & Squad Quiz,Gujarat Titans (GT),No
YouTube,@spinandswing26,Short,Which IPL team do you dislike the most ?,https://www.youtube.com/shorts/KwTh3alu9E4,KwTh3alu9E4,,202000,0,IPL 2026,Independent Fan Coverage,Short-form Cricket Content,Spin & Swing,No
YouTube,@spinandswing26,Short,Guess the Jersey Number - Pt 3,https://www.youtube.com/shorts/tiJvqarhOzw,tiJvqarhOzw,,191000,0,General Cricket Trivia Series,Creator Studio / Digital Production,Cricket Trivia & Jersey Guessing,Spin & Swing,No
YouTube,@spinandswing26,Short,What is Virat Jersey number ?,https://www.youtube.com/shorts/MWGLNesJZKA,MWGLNesJZKA,,169000,0,General Cricket Trivia Series,Creator Studio / Digital Production,Cricket Trivia & Jersey Guessing,Spin & Swing,No
Instagram,@abhishekpandey_26,Reel,Guess the Player !! | Spin & Swing (RCB),https://www.instagram.com/reel/DJTjMYSSL4B/,DJTjMYSSL4B,March – May 2025,165000,13000,IPL 2025,Independent Fan Coverage,Cricket Trivia & Player Guessing,Royal Challengers Bengaluru (RCB),Yes
YouTube,@spinandswing26,Short,Guess the Giants | Spin & Swing,https://www.youtube.com/shorts/R8s9a8tFMEI,R8s9a8tFMEI,,157000,0,General Cricket Trivia Series,Creator Studio / Digital Production,Short-form Cricket Content,Spin & Swing,No
YouTube,@spinandswing26,Short,Guess the squad of Gujarat titans !,https://www.youtube.com/shorts/aPbaG1EgVMg,aPbaG1EgVMg,,149000,0,IPL 2026,Creator Studio / Digital Production,Cricket Trivia & Squad Quiz,Gujarat Titans (GT),No
YouTube,@spinandswing26,Short,Guess the Jersey Number of India vs Afghanistan,https://www.youtube.com/shorts/mGxpuc5FHUs,mGxpuc5FHUs,,143000,0,General Cricket Trivia Series,Creator Studio / Digital Production,Cricket Trivia & Jersey Guessing,Spin & Swing,No
Instagram,@abhishekpandey_26,Reel,Harmanpreet Fan is cuteee 🎀 (WPL),https://www.instagram.com/reel/DT2m9vACEU8/,DT2m9vACEU8,January – February 2026,137500,11000,WPL 2026,Independent Fan Coverage,Fan Vox Pop & Reaction,"Harmanpreet Kaur, WPL",Yes
YouTube,@spinandswing26,Short,Mi fan vs Csk fan,https://www.youtube.com/shorts/Mv0rvveoBIQ,Mv0rvveoBIQ,,136000,0,IPL 2026,Independent Fan Coverage,Fan Vox Pop & Stadium Reaction,"Mumbai Indians (MI), Chennai Super Kings (CSK)",No
YouTube,@spinandswing26,Short,Guess the Squad of RCB,https://www.youtube.com/shorts/DrJGUhfOjSo,DrJGUhfOjSo,,130000,0,IPL 2026,Creator Studio / Digital Production,Cricket Trivia & Squad Quiz,Royal Challengers Bengaluru (RCB),No
Instagram,@abhishekpandey_26,Reel,"Episode 6 : Story Behind the Post ft - @anujrawat_1755 @ar__unfiltered . . . . #puranidilli #delhipremierleague #dpl2026 #anujrawat #gujarattitans . . ( Purani Dilli , Dpl , Dpl 20",https://www.instagram.com/reel/DclYxOiBsuy/,DclYxOiBsuy,2026,123643,9888,DPL 2026 (Delhi Premier League),Accredited (DPL Field-of-Play Media Pass),Story Behind the Post (Player Interview),"Anuj Rawat, Purani Dilli, Gujarat Titans (GT)",Yes
YouTube,@spinandswing26,Short,Guess the Squad of T20 World Cup - Pt 19,https://www.youtube.com/shorts/HIB44fvxh34,HIB44fvxh34,,122000,0,ICC Men's T20 World Cup 2026,Creator Studio / Digital Production,Cricket Trivia & Squad Quiz,Spin & Swing,No
Instagram,@abhishekpandey_26,Reel,"Captain leading from the front @tejasvi._.18 . . . . . #dpl #delhipremierleague #dplseason3 #tejasvidhaiya #southdelhisuperstarz . . ( South delhi superstarz , tejasvi dhaiya , Dpl",https://www.instagram.com/reel/Dcs1bhEoeTf/,Dcs1bhEoeTf,2026,119938,8889,DPL 2026 (Delhi Premier League),Accredited (DPL Field-of-Play Media Pass),Matchday Highlights & Captain Profile,"Tejasvi Dahiya, South Delhi Superstarz",No
YouTube,@spinandswing26,Short,Mumbai fan vs Mumbai fan @gujarattitans,https://www.youtube.com/shorts/bky4OEuA2Gg,bky4OEuA2Gg,,117000,0,Cricket Coverage & Commentary,Independent Fan Coverage,Fan Vox Pop & Stadium Reaction,Spin & Swing,No
YouTube,@spinandswing26,Short,Rcb fan vs Srh fan,https://www.youtube.com/shorts/BkzR1q1NcRI,BkzR1q1NcRI,,110000,0,IPL 2026,Independent Fan Coverage,Fan Vox Pop & Stadium Reaction,"Royal Challengers Bengaluru (RCB), Sunrisers Hyderabad (SRH)",No
YouTube,@spinandswing26,Short,Guess the Jersey Number ?,https://www.youtube.com/shorts/Peqsv8yInMc,Peqsv8yInMc,,100000,0,General Cricket Trivia Series,Creator Studio / Digital Production,Cricket Trivia & Jersey Guessing,Spin & Swing,No
YouTube,@spinandswing26,Short,Guess the Jersey number - Pt 4,https://www.youtube.com/shorts/kj--6Khrli4,kj--6Khrli4,,95000,0,General Cricket Trivia Series,Creator Studio / Digital Production,Cricket Trivia & Jersey Guessing,Spin & Swing,No
Instagram,@abhishekpandey_26,Reel,What is the full form of LBW ? (Vox Pop),https://www.instagram.com/reel/DUINPzWkrlj/,DUINPzWkrlj,January – February 2026,92000,6800,WPL 2026,Independent Fan Coverage,Cricket Trivia & Vox Pop,WPL,Yes
YouTube,@spinandswing26,Short,Can you name 7 Indian fast bowlers ?,https://www.youtube.com/shorts/bT8bAFEKDso,bT8bAFEKDso,,90000,0,Cricket Coverage & Commentary,Independent Fan Coverage,Short-form Cricket Content,Spin & Swing,No
YouTube,@spinandswing26,Short,Cute Harmanpreet Fan 🎀💗,https://www.youtube.com/shorts/cqbxa90lJP8,cqbxa90lJP8,,86000,0,WPL 2026,Independent Fan Coverage,Fan Vox Pop & Stadium Reaction,Harmanpreet Kaur,No
Instagram,@abhishekpandey_26,Reel,Pakistan ka naam he mat lo !!,https://www.instagram.com/reel/DUvn-h4kkCU/,DUvn-h4kkCU,February – May 2026,86000,6200,ICC Men's T20 World Cup 2026,Commercial Partner (My11Circle),Fan Reaction & Banter,India vs Pakistan,Yes
Instagram,@abhishekpandey_26,Reel,Final Calling babyyyy (IPL 2026 Final),https://www.instagram.com/reel/DY8nQzKhspB/,DY8nQzKhspB,March – May 2026,85000,6400,IPL 2026,Independent Fan Coverage,Stadium Fan Vlog,IPL Final,Yes
YouTube,@spinandswing26,Short,Tum kisko lagoge ?,https://www.youtube.com/shorts/7dL1TlM-l7g,7dL1TlM-l7g,,83000,0,Cricket Coverage & Commentary,Independent Fan Coverage,Short-form Cricket Content,Spin & Swing,No
YouTube,@spinandswing26,Short,Impact Player for Srh !!,https://www.youtube.com/shorts/SyupmWVwFFk,SyupmWVwFFk,,79000,0,IPL 2026,Independent Fan Coverage,Short-form Cricket Content,Sunrisers Hyderabad (SRH),No
Instagram,@abhishekpandey_26,Reel,Ab kya bolu mai ??? (Fan Reaction),https://www.instagram.com/reel/DT8FW8_iAc5/,DT8FW8_iAc5,January – February 2026,78000,5400,WPL 2026,Independent Fan Coverage,Fan Vox Pop & Reaction,WPL Fan Community,Yes
Instagram,@abhishekpandey_26,Reel,Sanju ne badhiya khela (Post-Match Reaction),https://www.instagram.com/reel/DVv1RPMkl4T/,DVv1RPMkl4T,February – May 2026,74000,5600,ICC Men's T20 World Cup 2026,Commercial Partner (My11Circle),Player Performance Review,"Sanju Samson, Team India",Yes
YouTube,@spinandswing26,Short,Guess the Jersey number – Pt 10,https://www.youtube.com/shorts/kI0I3eCKYeg,kI0I3eCKYeg,,72000,0,General Cricket Trivia Series,Creator Studio / Digital Production,Cricket Trivia & Jersey Guessing,Spin & Swing,No
Instagram,@abhishekpandey_26,Reel,Bhai Aus toh Super 8 me he nhi aa payi,https://www.instagram.com/reel/DVRDbLVCqmy/,DVRDbLVCqmy,February – May 2026,68000,4800,ICC Men's T20 World Cup 2026,Commercial Partner (My11Circle),Tournament Analysis,"Australia, Super 8",Yes
YouTube,@spinandswing26,Short,Guess the squad of Gujarat titans !,https://www.youtube.com/shorts/CtIgRrKHsak,CtIgRrKHsak,,67000,0,IPL 2026,Creator Studio / Digital Production,Cricket Trivia & Squad Quiz,Gujarat Titans (GT),No
Instagram,@abhishekpandey_26,Reel,What is RCB Slogan ?? (Fan Trivia),https://www.instagram.com/reel/DUSSdE6EhS8/,DUSSdE6EhS8,January – February 2026,64000,4900,WPL 2026,Independent Fan Coverage,Cricket Trivia & Fan Quiz,Royal Challengers Bengaluru (RCB),Yes
Instagram,@abhishekpandey_26,Reel,8-3 Rivalry ?? (Matchday Banter),https://www.instagram.com/reel/DY7rG2Jhmdh/,DY7rG2Jhmdh,March – May 2026,62000,4500,IPL 2026,Independent Fan Coverage,Matchday Banter & Rivalry Vox Pop,IPL Rivalry,Yes
YouTube,@spinandswing26,Short,Guess the Squad of Rcb !!,https://www.youtube.com/shorts/vJlPYCV7Upc,vJlPYCV7Upc,,59000,0,IPL 2026,Creator Studio / Digital Production,Cricket Trivia & Squad Quiz,Royal Challengers Bengaluru (RCB),No
YouTube,@spinandswing26,Short,Guess the squad of T20 World Cup ? #t20worldcup #indiansquad,https://www.youtube.com/shorts/UUmhRjKozLM,UUmhRjKozLM,,59000,0,ICC Men's T20 World Cup 2026,Creator Studio / Digital Production,Cricket Trivia & Squad Quiz,Spin & Swing,No
YouTube,@spinandswing26,Short,Do you Support RCB because of Virat ?,https://www.youtube.com/shorts/iQ42Iq51t9Y,iQ42Iq51t9Y,,58000,0,IPL 2026,Independent Fan Coverage,Short-form Cricket Content,Royal Challengers Bengaluru (RCB),No
YouTube,@spinandswing26,Short,Csk fan vs Csk fan - Part 3 Spin & Swing,https://www.youtube.com/shorts/olAjZKvuSWs,olAjZKvuSWs,,58000,0,IPL 2026,Independent Fan Coverage,Fan Vox Pop & Stadium Reaction,Chennai Super Kings (CSK),No
YouTube,@spinandswing26,Short,Guess the Squad of WPL– Pt 8,https://www.youtube.com/shorts/tY7WxVp4CMk,tY7WxVp4CMk,,53000,0,WPL 2026,Creator Studio / Digital Production,Cricket Trivia & Squad Quiz,Spin & Swing,No
YouTube,@spinandswing26,Short,Jassi bhai to sabke Favourite hai !,https://www.youtube.com/shorts/nf0cFxmJ-pU,nf0cFxmJ-pU,,52000,0,Cricket Coverage & Commentary,Independent Fan Coverage,Short-form Cricket Content,Spin & Swing,No
YouTube,@spinandswing26,Short,Guess the Players | Kkr fan vs Kkr fan - Pt 2,https://www.youtube.com/shorts/2jnFjrH4ACc,2jnFjrH4ACc,,52000,0,IPL 2026,Creator Studio / Digital Production,Fan Vox Pop & Stadium Reaction,Kolkata Knight Riders (KKR),No
YouTube,@spinandswing26,Short,Guess the Csk Players | Spin & Swing,https://www.youtube.com/shorts/AMSWC_cFka8,AMSWC_cFka8,,51000,0,IPL 2026,Creator Studio / Digital Production,Short-form Cricket Content,Chennai Super Kings (CSK),No
YouTube,@spinandswing26,Short,Guess the Jersey number !,https://www.youtube.com/shorts/hycH60HsV04,hycH60HsV04,,50000,0,General Cricket Trivia Series,Creator Studio / Digital Production,Cricket Trivia & Jersey Guessing,Spin & Swing,No
YouTube,@spinandswing26,Short,Which team in IPL history has Played the most finals ??,https://www.youtube.com/shorts/HBWLdnZvtoY,HBWLdnZvtoY,,50000,0,IPL 2026,Independent Fan Coverage,Short-form Cricket Content,Spin & Swing,No
YouTube,@spinandswing26,Short,Guess the Squad of women's T20 World Cup,https://www.youtube.com/shorts/cfcX3Q4yA0A,cfcX3Q4yA0A,,46000,0,WPL 2026,Creator Studio / Digital Production,Cricket Trivia & Squad Quiz,Spin & Swing,No
YouTube,@spinandswing26,Short,If you could bring one player to Gujarat Titans who would it be?,https://www.youtube.com/shorts/kHaFJgM6AR8,kHaFJgM6AR8,,46000,0,IPL 2026,Independent Fan Coverage,Short-form Cricket Content,Gujarat Titans (GT),No
YouTube,@spinandswing26,Short,Guess the Squad of WPL– Pt 3,https://www.youtube.com/shorts/bcMxqCCGVXs,bcMxqCCGVXs,,45000,0,WPL 2026,Creator Studio / Digital Production,Cricket Trivia & Squad Quiz,Spin & Swing,No
YouTube,@spinandswing26,Short,India Playing X1 vs West Indies - Pt - 4,https://www.youtube.com/shorts/mlv_onzWKZI,mlv_onzWKZI,,45000,0,Cricket Coverage & Commentary,Independent Fan Coverage,Short-form Cricket Content,Spin & Swing,No
YouTube,@spinandswing26,Short,Guess the Titans | Spin & Swing,https://www.youtube.com/shorts/96eC-UQvrMs,96eC-UQvrMs,,45000,0,General Cricket Trivia Series,Creator Studio / Digital Production,Short-form Cricket Content,Spin & Swing,No
YouTube,@spinandswing26,Short,Guess the Super king | Spin & Swing,https://www.youtube.com/shorts/rFr5UHU37bI,rFr5UHU37bI,,45000,0,General Cricket Trivia Series,Creator Studio / Digital Production,Short-form Cricket Content,Spin & Swing,No
Instagram,@abhishekpandey_26,Reel,Who is the Captain of RCB ? (Trivia),https://www.instagram.com/reel/DULh2v2jcsm/,DULh2v2jcsm,January – February 2026,45000,3013,WPL 2026,Independent Fan Coverage,Cricket Trivia & Fan Quiz,Royal Challengers Bengaluru (RCB),Yes
YouTube,@spinandswing26,Short,Guess the Squad of WPL– Pt 15,https://www.youtube.com/shorts/5zxcKgx-FHM,5zxcKgx-FHM,,44000,0,WPL 2026,Creator Studio / Digital Production,Cricket Trivia & Squad Quiz,Spin & Swing,No
YouTube,@spinandswing26,Short,Ye kab ho gaya ??,https://www.youtube.com/shorts/1ee6_baduwI,1ee6_baduwI,,43000,0,Cricket Coverage & Commentary,Independent Fan Coverage,Short-form Cricket Content,Spin & Swing,No
YouTube,@spinandswing26,Short,Again Mumbai vs Gujarat,https://www.youtube.com/shorts/VhlBfK11aBw,VhlBfK11aBw,,40000,0,Cricket Coverage & Commentary,Independent Fan Coverage,Short-form Cricket Content,Spin & Swing,No
YouTube,@spinandswing26,Short,Guess the Squad of T20 World Cup – Pt 18,https://www.youtube.com/shorts/GXtEM3bsDBk,GXtEM3bsDBk,,39000,0,ICC Men's T20 World Cup 2026,Creator Studio / Digital Production,Cricket Trivia & Squad Quiz,Spin & Swing,No
YouTube,@spinandswing26,Short,Guess the Squad of T20 World Cup – Pt 16,https://www.youtube.com/shorts/KbmcIaQUQeA,KbmcIaQUQeA,,39000,0,ICC Men's T20 World Cup 2026,Creator Studio / Digital Production,Cricket Trivia & Squad Quiz,Spin & Swing,No
YouTube,@spinandswing26,Short,Guess the Squad of RCB – Pt 3,https://www.youtube.com/shorts/8KbSW4kC-mU,8KbSW4kC-mU,,39000,0,IPL 2026,Creator Studio / Digital Production,Cricket Trivia & Squad Quiz,Royal Challengers Bengaluru (RCB),No
YouTube,@spinandswing26,Short,Guess the jersey number - Pt -4,https://www.youtube.com/shorts/wpRe1UI89WA,wpRe1UI89WA,,38000,0,General Cricket Trivia Series,Creator Studio / Digital Production,Cricket Trivia & Jersey Guessing,Spin & Swing,No
YouTube,@spinandswing26,Short,Which Four team Will Qualify !!,https://www.youtube.com/shorts/cFpViKYJ8tM,cFpViKYJ8tM,,38000,0,Cricket Coverage & Commentary,Independent Fan Coverage,Short-form Cricket Content,Spin & Swing,No
YouTube,@spinandswing26,Short,Guess the Titans | Part - 3 @gujarattitans,https://www.youtube.com/shorts/1fdbWK8qAKc,1fdbWK8qAKc,,38000,0,General Cricket Trivia Series,Creator Studio / Digital Production,Short-form Cricket Content,Spin & Swing,No
YouTube,@spinandswing26,Short,Indian Players ka naam batao ?,https://www.youtube.com/shorts/wJx1e6NhyKI,wJx1e6NhyKI,,37000,0,General Cricket Trivia Series,Independent Fan Coverage,Short-form Cricket Content,Spin & Swing,No
YouTube,@spinandswing26,Short,Baat toh Sahi hai !!,https://www.youtube.com/shorts/fEBrj-Mlsqg,fEBrj-Mlsqg,,37000,0,Cricket Coverage & Commentary,Independent Fan Coverage,Short-form Cricket Content,Spin & Swing,No
YouTube,@spinandswing26,Short,What is the current name of Kings XI Punjab ? #punjabkings #ipl2026,https://www.youtube.com/shorts/sZtsH-UNQY4,sZtsH-UNQY4,,36000,0,IPL 2026,Independent Fan Coverage,Short-form Cricket Content,Spin & Swing,No
YouTube,@spinandswing26,Short,Guess the Player | Spin & Swing,https://www.youtube.com/shorts/KOpgwLXG8vU,KOpgwLXG8vU,,36000,0,General Cricket Trivia Series,Creator Studio / Digital Production,Cricket Trivia & Player Guessing,Spin & Swing,No
YouTube,@spinandswing26,Short,Guess the Csk squad | Spin & Swing,https://www.youtube.com/shorts/GhuDTlitcx8,GhuDTlitcx8,,36000,0,IPL 2026,Creator Studio / Digital Production,Cricket Trivia & Squad Quiz,Chennai Super Kings (CSK),No
YouTube,@spinandswing26,Short,Rcb fan on Csk - Pt 2,https://www.youtube.com/shorts/aUTUOyeKWPc,aUTUOyeKWPc,,35000,0,IPL 2026,Independent Fan Coverage,Fan Vox Pop & Stadium Reaction,"Royal Challengers Bengaluru (RCB), Chennai Super Kings (CSK)",No
YouTube,@spinandswing26,Short,KKR Fans vs KKR fans !!,https://www.youtube.com/shorts/ThdLg8a_7JE,ThdLg8a_7JE,,35000,0,IPL 2026,Independent Fan Coverage,Fan Vox Pop & Stadium Reaction,Kolkata Knight Riders (KKR),No
YouTube,@spinandswing26,Short,Do you Support GT because of Shubham Gill ?,https://www.youtube.com/shorts/rrePy30myCg,rrePy30myCg,,35000,0,IPL 2026,Independent Fan Coverage,Short-form Cricket Content,Gujarat Titans (GT),No
YouTube,@spinandswing26,Short,Punjab Kings XI x Royal Rajasthan,https://www.youtube.com/shorts/xKvj4lHu_dk,xKvj4lHu_dk,,35000,0,Cricket Coverage & Commentary,Independent Fan Coverage,Short-form Cricket Content,Spin & Swing,No
YouTube,@spinandswing26,Short,Confused Virat fan 😂❤️,https://www.youtube.com/shorts/fe_9TsZriI0,fe_9TsZriI0,,35000,0,Cricket Coverage & Commentary,Independent Fan Coverage,Fan Vox Pop & Stadium Reaction,Spin & Swing,No
YouTube,@spinandswing26,Short,Bhai vs Behan | Spin & Swing,https://www.youtube.com/shorts/L356npNd6E0,L356npNd6E0,,35000,0,Cricket Coverage & Commentary,Independent Fan Coverage,Short-form Cricket Content,Spin & Swing,No
YouTube,@spinandswing26,Short,Guess the Player,https://www.youtube.com/shorts/PeO2k-fVTlM,PeO2k-fVTlM,,35000,0,General Cricket Trivia Series,Creator Studio / Digital Production,Cricket Trivia & Player Guessing,Spin & Swing,No
YouTube,@spinandswing26,Short,Jaddu wapas chahiye humme !!,https://www.youtube.com/shorts/a1q7HUvE_ZE,a1q7HUvE_ZE,,34000,0,Cricket Coverage & Commentary,Independent Fan Coverage,Short-form Cricket Content,Spin & Swing,No
YouTube,@spinandswing26,Short,Guess the jersey number !!,https://www.youtube.com/shorts/aoyPXo2tQC4,aoyPXo2tQC4,,34000,0,General Cricket Trivia Series,Creator Studio / Digital Production,Cricket Trivia & Jersey Guessing,Spin & Swing,No
YouTube,@spinandswing26,Short,Which IPL Team makes you feel angry when you watch them ?,https://www.youtube.com/shorts/vpt0h829FBQ,vpt0h829FBQ,,34000,0,IPL 2026,Independent Fan Coverage,Short-form Cricket Content,Spin & Swing,No
YouTube,@spinandswing26,Short,What is the Slogan of Delhi Capitals ?,https://www.youtube.com/shorts/hscTZZ2fIkM,hscTZZ2fIkM,,34000,0,Cricket Coverage & Commentary,Independent Fan Coverage,Short-form Cricket Content,Spin & Swing,No
YouTube,@spinandswing26,Short,Guess the Squad of T20 World Cup – Pt 20,https://www.youtube.com/shorts/RDsU563o7e8,RDsU563o7e8,,34000,0,ICC Men's T20 World Cup 2026,Creator Studio / Digital Production,Cricket Trivia & Squad Quiz,Spin & Swing,No
YouTube,@spinandswing26,Short,Last over match 💗🥹,https://www.youtube.com/shorts/5tp4vv0GEHk,5tp4vv0GEHk,,34000,0,Cricket Coverage & Commentary,Independent Fan Coverage,Match Analysis & Tactics,Spin & Swing,No
YouTube,@spinandswing26,Short,Guess the Player !! | Spin & Swing,https://www.youtube.com/shorts/oVF6rlMUQzg,oVF6rlMUQzg,,34000,0,General Cricket Trivia Series,Creator Studio / Digital Production,Cricket Trivia & Player Guessing,Spin & Swing,No
YouTube,@spinandswing26,Short,We love you Virat 🥹🫶,https://www.youtube.com/shorts/PmvNQr3R4rI,PmvNQr3R4rI,,34000,0,Cricket Coverage & Commentary,Independent Fan Coverage,Short-form Cricket Content,Spin & Swing,No
YouTube,@spinandswing26,Short,Tum log kisko karoge ?,https://www.youtube.com/shorts/bE_6xcJ5Lhg,bE_6xcJ5Lhg,,33000,0,Cricket Coverage & Commentary,Independent Fan Coverage,Short-form Cricket Content,Spin & Swing,No
YouTube,@spinandswing26,Short,Rcb vs Gt final ??,https://www.youtube.com/shorts/yckKtk1zeSA,yckKtk1zeSA,,33000,0,IPL 2026,Independent Fan Coverage,Short-form Cricket Content,"Gujarat Titans (GT), Royal Challengers Bengaluru (RCB)",No
YouTube,@spinandswing26,Short,Who is Captain of Mumbai Indians ?,https://www.youtube.com/shorts/kMGvGFp3RwE,kMGvGFp3RwE,,33000,0,IPL 2026,Independent Fan Coverage,Short-form Cricket Content,Mumbai Indians (MI),No
YouTube,@spinandswing26,Short,Guess the Jersey Number - Pt 8,https://www.youtube.com/shorts/dgDO40zYyX4,dgDO40zYyX4,,33000,0,General Cricket Trivia Series,Creator Studio / Digital Production,Cricket Trivia & Jersey Guessing,Spin & Swing,No
YouTube,@spinandswing26,Short,Guess the Squad of India vs Afghanistan,https://www.youtube.com/shorts/Gnkr8UhpC-c,Gnkr8UhpC-c,,32000,0,General Cricket Trivia Series,Creator Studio / Digital Production,Cricket Trivia & Squad Quiz,Spin & Swing,No
YouTube,@spinandswing26,Short,Csk ko karna chahiye ?,https://www.youtube.com/shorts/I6ydX1jg65o,I6ydX1jg65o,,32000,0,IPL 2026,Independent Fan Coverage,Short-form Cricket Content,Chennai Super Kings (CSK),No
YouTube,@spinandswing26,Short,Favourite Player India 😂❤️🇮🇳,https://www.youtube.com/shorts/vtOGiiLGMuA,vtOGiiLGMuA,,32000,0,General Cricket Trivia Series,Independent Fan Coverage,Short-form Cricket Content,Spin & Swing,No
YouTube,@spinandswing26,Short,All Csk Players name | Spin & Swing,https://www.youtube.com/shorts/xq25dpkf_TY,xq25dpkf_TY,,32000,0,IPL 2026,Independent Fan Coverage,Short-form Cricket Content,Chennai Super Kings (CSK),No
Instagram,@abhishekpandey_26,Reel,"Episode 9 : Story Behind the Post ft - Shweta Sehrawat . . . . #southdelhisuperstarz #delhipremierleague #dpl2026 #shwetasehrawat #shwetasehrawatstory . . ( Shweta Sehrawat, South ",https://www.instagram.com/reel/Dc2YOiqhiDb/,Dc2YOiqhiDb,2026,31633,1713,DPL 2026 (Delhi Premier League),Accredited (DPL Field-of-Play Media Pass),Story Behind the Post (Player Interview),"Shweta Sehrawat, South Delhi Superstarz",No
YouTube,@spinandswing26,Short,Reason toh Sahi haii !,https://www.youtube.com/shorts/jHmfPW6Haew,jHmfPW6Haew,,31000,0,Cricket Coverage & Commentary,Independent Fan Coverage,Short-form Cricket Content,Spin & Swing,No
YouTube,@spinandswing26,Short,3 Trophy ho gayi 🏆🏆🏆,https://www.youtube.com/shorts/4oHqgbiofUU,4oHqgbiofUU,,31000,0,Cricket Coverage & Commentary,Independent Fan Coverage,Short-form Cricket Content,Spin & Swing,No
YouTube,@spinandswing26,Short,Guess the Squad of T20 World Cup - Pt 15,https://www.youtube.com/shorts/-q_gK6SlI3Y,-q_gK6SlI3Y,,31000,0,ICC Men's T20 World Cup 2026,Creator Studio / Digital Production,Cricket Trivia & Squad Quiz,Spin & Swing,No
YouTube,@spinandswing26,Short,How many Centuries has Virat Kohli Scored ?,https://www.youtube.com/shorts/_bKlIwGPu9w,_bKlIwGPu9w,,31000,0,Cricket Coverage & Commentary,Independent Fan Coverage,Short-form Cricket Content,Spin & Swing,No
YouTube,@spinandswing26,Short,Guess the Squad of WPL– Pt 14,https://www.youtube.com/shorts/x_79jKWg1eo,x_79jKWg1eo,,31000,0,WPL 2026,Creator Studio / Digital Production,Cricket Trivia & Squad Quiz,Spin & Swing,No
YouTube,@spinandswing26,Short,India Squad vs New Zealand - Pt 2,https://www.youtube.com/shorts/hNXqJFFhBdA,hNXqJFFhBdA,,31000,0,General Cricket Trivia Series,Creator Studio / Digital Production,Cricket Trivia & Squad Quiz,Spin & Swing,No
YouTube,@spinandswing26,Short,Bhai vs Behan - Part 2 | Spin & Swing,https://www.youtube.com/shorts/4KXgLjnWfns,4KXgLjnWfns,,31000,0,Cricket Coverage & Commentary,Independent Fan Coverage,Short-form Cricket Content,Spin & Swing,No
YouTube,@spinandswing26,Short,Lsg Players name | Guess the Giants - Spin & Swing,https://www.youtube.com/shorts/c539BrYRHcQ,c539BrYRHcQ,,31000,0,General Cricket Trivia Series,Creator Studio / Digital Production,Short-form Cricket Content,Spin & Swing,No
YouTube,@spinandswing26,Short,MI fan vs KKR Fan !!,https://www.youtube.com/shorts/aAtwX4KLpgA,aAtwX4KLpgA,,30000,0,IPL 2026,Independent Fan Coverage,Fan Vox Pop & Stadium Reaction,"Mumbai Indians (MI), Kolkata Knight Riders (KKR)",No
YouTube,@spinandswing26,Short,Guess the Squad of T20 World Cup - Pt 21,https://www.youtube.com/shorts/9NhXm-bS6tc,9NhXm-bS6tc,,30000,0,ICC Men's T20 World Cup 2026,Creator Studio / Digital Production,Cricket Trivia & Squad Quiz,Spin & Swing,No
YouTube,@spinandswing26,Short,Guess the Squad of T20 World Cup - Pt 15,https://www.youtube.com/shorts/HzGtpg-NCy8,HzGtpg-NCy8,,30000,0,ICC Men's T20 World Cup 2026,Creator Studio / Digital Production,Cricket Trivia & Squad Quiz,Spin & Swing,No
YouTube,@spinandswing26,Short,Guess the Squad of T20 World Cup - Pt 8,https://www.youtube.com/shorts/XH9zjkwUbVk,XH9zjkwUbVk,,30000,0,ICC Men's T20 World Cup 2026,Creator Studio / Digital Production,Cricket Trivia & Squad Quiz,Spin & Swing,No
YouTube,@spinandswing26,Short,What is the full form of LBW ??,https://www.youtube.com/shorts/IPLHynjrBHI,IPLHynjrBHI,,30000,0,Cricket Coverage & Commentary,Independent Fan Coverage,Short-form Cricket Content,Spin & Swing,No
YouTube,@spinandswing26,Short,Guess the Squad of WPL– Pt 5,https://www.youtube.com/shorts/cAgnFhwg5gg,cAgnFhwg5gg,,30000,0,WPL 2026,Creator Studio / Digital Production,Cricket Trivia & Squad Quiz,Spin & Swing,No
YouTube,@spinandswing26,Short,IPL Memory Test !! | Spin & Swing,https://www.youtube.com/shorts/4lbLA_7rVss,4lbLA_7rVss,,30000,0,IPL 2026,Independent Fan Coverage,Short-form Cricket Content,Spin & Swing,No
YouTube,@spinandswing26,Short,Guess the Giants - Part 2 | Spin & Swing,https://www.youtube.com/shorts/a-vOzdiJc6I,a-vOzdiJc6I,,30000,0,General Cricket Trivia Series,Creator Studio / Digital Production,Short-form Cricket Content,Spin & Swing,No
YouTube,@spinandswing26,Short,Pov : You are Rohit fan @gujarattitans,https://www.youtube.com/shorts/entPs1rB_6Y,entPs1rB_6Y,,30000,0,Cricket Coverage & Commentary,Independent Fan Coverage,Fan Vox Pop & Stadium Reaction,Spin & Swing,No
YouTube,@spinandswing26,Short,Guess the Squad of WPL– Pt 6,https://www.youtube.com/shorts/tLO72s0nnTU,tLO72s0nnTU,,29000,0,WPL 2026,Creator Studio / Digital Production,Cricket Trivia & Squad Quiz,Spin & Swing,No
YouTube,@spinandswing26,Short,India Squad vs New Zealand - Pt- 3,https://www.youtube.com/shorts/To8sYNDbUP8,To8sYNDbUP8,,29000,0,General Cricket Trivia Series,Creator Studio / Digital Production,Cricket Trivia & Squad Quiz,Spin & Swing,No
YouTube,@spinandswing26,Short,Guess the Titans | Spin & Swing,https://www.youtube.com/shorts/CkQYJzs331Q,CkQYJzs331Q,,29000,0,General Cricket Trivia Series,Creator Studio / Digital Production,Short-form Cricket Content,Spin & Swing,No
Instagram,@abhishekpandey_26,Reel,Reel (Dc5BfhLyXjn),https://www.instagram.com/reel/Dc5BfhLyXjn/,Dc5BfhLyXjn,2026,28766,3,Cricket Coverage & Commentary,Independent Fan Coverage,Short-form Cricket Content,Abhishek Unseen,No
YouTube,@spinandswing26,Short,Guess the Squad of T20 World Cup – Pt 14,https://www.youtube.com/shorts/zJEkjY9Kj1A,zJEkjY9Kj1A,,28000,0,ICC Men's T20 World Cup 2026,Creator Studio / Digital Production,Cricket Trivia & Squad Quiz,Spin & Swing,No
YouTube,@spinandswing26,Short,Guess the Jersey Number - Pt 9,https://www.youtube.com/shorts/vu0XvewGsE4,vu0XvewGsE4,,28000,0,General Cricket Trivia Series,Creator Studio / Digital Production,Cricket Trivia & Jersey Guessing,Spin & Swing,No
YouTube,@spinandswing26,Short,Guess the Jersey Number - Pt 6,https://www.youtube.com/shorts/ujldO11BMKo,ujldO11BMKo,,28000,0,General Cricket Trivia Series,Creator Studio / Digital Production,Cricket Trivia & Jersey Guessing,Spin & Swing,No
YouTube,@spinandswing26,Short,Which IPL team is the most Underrated ?,https://www.youtube.com/shorts/EG01qr9ev4E,EG01qr9ev4E,,27000,0,IPL 2026,Independent Fan Coverage,Short-form Cricket Content,Spin & Swing,No
YouTube,@spinandswing26,Short,Guess the Player of Csk !!,https://www.youtube.com/shorts/aJ8j_6Oa2Zw,aJ8j_6Oa2Zw,,27000,0,IPL 2026,Creator Studio / Digital Production,Cricket Trivia & Player Guessing,Chennai Super Kings (CSK),No
YouTube,@spinandswing26,Short,Loyalty of Rcb fans !!,https://www.youtube.com/shorts/MJ8eTEPqPvI,MJ8eTEPqPvI,,27000,0,IPL 2026,Independent Fan Coverage,Fan Vox Pop & Stadium Reaction,Royal Challengers Bengaluru (RCB),No
YouTube,@spinandswing26,Short,Guess the Giants ! | Spin & Swing,https://www.youtube.com/shorts/2BSzVLuHkNk,2BSzVLuHkNk,,27000,0,General Cricket Trivia Series,Creator Studio / Digital Production,Short-form Cricket Content,Spin & Swing,No
YouTube,@spinandswing26,Short,All Gujarat Titans Players name !! @gujarattitans,https://www.youtube.com/shorts/yujJImt2AqU,yujJImt2AqU,,27000,0,IPL 2026,Independent Fan Coverage,Short-form Cricket Content,Gujarat Titans (GT),No
YouTube,@spinandswing26,Short,Pick one cricketer !,https://www.youtube.com/shorts/KhzFLV8CX90,KhzFLV8CX90,,26000,0,Cricket Coverage & Commentary,Independent Fan Coverage,Short-form Cricket Content,Spin & Swing,No
YouTube,@spinandswing26,Short,Tum kisko chahoge comment Karo !!,https://www.youtube.com/shorts/rgMF3avezR0,rgMF3avezR0,,26000,0,Cricket Coverage & Commentary,Independent Fan Coverage,Short-form Cricket Content,Spin & Swing,No
YouTube,@spinandswing26,Short,Guess the Squad of RR,https://www.youtube.com/shorts/sfAV4LcFsUA,sfAV4LcFsUA,,26000,0,General Cricket Trivia Series,Creator Studio / Digital Production,Cricket Trivia & Squad Quiz,Spin & Swing,No
YouTube,@spinandswing26,Short,What is the Slogan of Csk ?,https://www.youtube.com/shorts/XwzW63YRx_o,XwzW63YRx_o,,26000,0,IPL 2026,Independent Fan Coverage,Short-form Cricket Content,Chennai Super Kings (CSK),No
YouTube,@spinandswing26,Short,Guess the Jersey number - Pt 12,https://www.youtube.com/shorts/jmt3DoSgSIs,jmt3DoSgSIs,,26000,0,General Cricket Trivia Series,Creator Studio / Digital Production,Cricket Trivia & Jersey Guessing,Spin & Swing,No
YouTube,@spinandswing26,Short,Who is Iceman in Titans ? @gujarattitans,https://www.youtube.com/shorts/7W-VEhan1BI,7W-VEhan1BI,,26000,0,Cricket Coverage & Commentary,Independent Fan Coverage,Short-form Cricket Content,Spin & Swing,No
Instagram,@abhishekpandey_26,Reel,"Episode 8 : Story Behind the Post ft - @priyapunia16 . . . . #southdelhisuperstarz #delhipremierleague #dpl2026 #priyapunia #priyapunia💟 . . ( Priya Punia , South delhi Superstarz ",https://www.instagram.com/reel/Dc2Rv1shQzz/,Dc2Rv1shQzz,2026,25407,1661,DPL 2026 (Delhi Premier League),Accredited (DPL Field-of-Play Media Pass),Story Behind the Post (Player Interview),"Priya Punia, South Delhi Superstarz",Yes
YouTube,@spinandswing26,Short,Ye toh galat baat hai bhai 😂😂,https://www.youtube.com/shorts/4dFgp8ApdD8,4dFgp8ApdD8,,25000,0,Cricket Coverage & Commentary,Independent Fan Coverage,Short-form Cricket Content,Spin & Swing,No
YouTube,@spinandswing26,Short,Revenge Completed !!,https://www.youtube.com/shorts/akWKHSlNIdg,akWKHSlNIdg,,25000,0,Cricket Coverage & Commentary,Independent Fan Coverage,Short-form Cricket Content,Spin & Swing,No
YouTube,@spinandswing26,Short,Crazy Hardik Fan,https://www.youtube.com/shorts/iSC-zaeDXY0,iSC-zaeDXY0,,25000,0,Cricket Coverage & Commentary,Independent Fan Coverage,Fan Vox Pop & Stadium Reaction,Spin & Swing,No
YouTube,@spinandswing26,Short,Is there any IPL team you don't want to see lift the trophy ?,https://www.youtube.com/shorts/o_AJKwqpXsU,o_AJKwqpXsU,,24000,0,IPL 2026,Independent Fan Coverage,Short-form Cricket Content,Spin & Swing,No
YouTube,@spinandswing26,Short,Humare pass 5 Trophy hai !,https://www.youtube.com/shorts/-SzNXUl5WGo,-SzNXUl5WGo,,24000,0,Cricket Coverage & Commentary,Independent Fan Coverage,Short-form Cricket Content,Spin & Swing,No
YouTube,@spinandswing26,Short,Will Gujarat Titans Win this IPL ? Vlog 3,https://www.youtube.com/shorts/HyJC5h1OOaM,HyJC5h1OOaM,,24000,0,IPL 2026,Independent Fan Coverage,Behind The Scenes / Vlog,Gujarat Titans (GT),No
YouTube,@spinandswing26,Short,Will Gill Lift the IPL trophy this time ?,https://www.youtube.com/shorts/AWfN5d7KFtY,AWfN5d7KFtY,,24000,0,IPL 2026,Independent Fan Coverage,Short-form Cricket Content,Spin & Swing,No
YouTube,@spinandswing26,Short,Which team do you dislike the most ?,https://www.youtube.com/shorts/OwJnHL0mSno,OwJnHL0mSno,,24000,0,Cricket Coverage & Commentary,Independent Fan Coverage,Short-form Cricket Content,Spin & Swing,No
YouTube,@spinandswing26,Short,Guess the Squad of WPL – Pt 10,https://www.youtube.com/shorts/I-0nI0u2p9k,I-0nI0u2p9k,,24000,0,WPL 2026,Creator Studio / Digital Production,Cricket Trivia & Squad Quiz,Spin & Swing,No
YouTube,@spinandswing26,Short,Dhoni over Virat & Rohit,https://www.youtube.com/shorts/iXKoQ-uXvOo,iXKoQ-uXvOo,,24000,0,Cricket Coverage & Commentary,Independent Fan Coverage,Short-form Cricket Content,Spin & Swing,No
Instagram,@abhishekpandey_26,Reel,Kya hua tumhara 7-2 kaaa ?? (India vs Pak),https://www.instagram.com/reel/DUyWIqjgQu7/,DUyWIqjgQu7,February – May 2026,24000,1324,ICC Men's T20 World Cup 2026,Commercial Partner (My11Circle),Matchday Banter & Rivalry,India vs Pakistan,Yes
YouTube,@spinandswing26,Short,Siraj bhai toh suru hote he khtm ho gaye !,https://www.youtube.com/shorts/UwVpUlcabJg,UwVpUlcabJg,,23000,0,Cricket Coverage & Commentary,Independent Fan Coverage,Short-form Cricket Content,Spin & Swing,No
YouTube,@spinandswing26,Short,Which player disappointed you the most in this IPL?,https://www.youtube.com/shorts/OA4lkgTwSj0,OA4lkgTwSj0,,22000,0,IPL 2026,Independent Fan Coverage,Short-form Cricket Content,Spin & Swing,No
YouTube,@spinandswing26,Short,Guess the Cricketer | Spin & Swing,https://www.youtube.com/shorts/ueUYjPgcvJQ,ueUYjPgcvJQ,,22000,0,General Cricket Trivia Series,Creator Studio / Digital Production,Short-form Cricket Content,Spin & Swing,No
YouTube,@spinandswing26,Short,Revenge served Cold 🥶,https://www.youtube.com/shorts/sqAANKeijQQ,sqAANKeijQQ,,21000,0,Cricket Coverage & Commentary,Independent Fan Coverage,Short-form Cricket Content,Spin & Swing,No
YouTube,@spinandswing26,Short,Guess the Squad of WPL– Pt 4,https://www.youtube.com/shorts/Xz90NgTRB4c,Xz90NgTRB4c,,21000,0,WPL 2026,Creator Studio / Digital Production,Cricket Trivia & Squad Quiz,Spin & Swing,No
YouTube,@spinandswing26,Short,Firse Silent kar diya 🤫,https://www.youtube.com/shorts/2mRP8XtqUyQ,2mRP8XtqUyQ,,21000,0,Cricket Coverage & Commentary,Independent Fan Coverage,Short-form Cricket Content,Spin & Swing,No
YouTube,@spinandswing26,Short,Do you Support RCB because of Virat?,https://www.youtube.com/shorts/mEWsFrfgMFE,mEWsFrfgMFE,,20000,0,IPL 2026,Independent Fan Coverage,Short-form Cricket Content,Royal Challengers Bengaluru (RCB),No
YouTube,@spinandswing26,Short,Who is the Captain of Gujarat Giants ?,https://www.youtube.com/shorts/KSapM5jTA0U,KSapM5jTA0U,,20000,0,Cricket Coverage & Commentary,Independent Fan Coverage,Short-form Cricket Content,Spin & Swing,No
YouTube,@spinandswing26,Short,Guess the Squad of WPL– Pt 9,https://www.youtube.com/shorts/ZB47FcoHkJM,ZB47FcoHkJM,,20000,0,WPL 2026,Creator Studio / Digital Production,Cricket Trivia & Squad Quiz,Spin & Swing,No
YouTube,@spinandswing26,Short,Guess the Squad of WPL– Pt 1,https://www.youtube.com/shorts/aBobZYdG1T8,aBobZYdG1T8,,20000,0,WPL 2026,Creator Studio / Digital Production,Cricket Trivia & Squad Quiz,Spin & Swing,No
YouTube,@spinandswing26,Short,How many centuries has Virat Kohli scored ?,https://www.youtube.com/shorts/N3StFqBCTzE,N3StFqBCTzE,,20000,0,Cricket Coverage & Commentary,Independent Fan Coverage,Short-form Cricket Content,Spin & Swing,No
YouTube,@spinandswing26,Short,One rule : No repeats @gujarattitans,https://www.youtube.com/shorts/dbaRC6G2nG8,dbaRC6G2nG8,,20000,0,Cricket Coverage & Commentary,Independent Fan Coverage,Short-form Cricket Content,Spin & Swing,No
YouTube,@spinandswing26,Short,We love you hardik ❤️,https://www.youtube.com/shorts/1P1tHtfh0TY,1P1tHtfh0TY,,20000,0,Cricket Coverage & Commentary,Independent Fan Coverage,Short-form Cricket Content,Spin & Swing,No
YouTube,@spinandswing26,Short,Rcb fans vs Csk !!,https://www.youtube.com/shorts/H6BYSy0bRk8,H6BYSy0bRk8,,19000,0,IPL 2026,Independent Fan Coverage,Fan Vox Pop & Stadium Reaction,"Royal Challengers Bengaluru (RCB), Chennai Super Kings (CSK)",No
YouTube,@spinandswing26,Short,Cross Question went wrong !!,https://www.youtube.com/shorts/aZ6TiYH9uIk,aZ6TiYH9uIk,,19000,0,Cricket Coverage & Commentary,Independent Fan Coverage,Short-form Cricket Content,Spin & Swing,No
YouTube,@spinandswing26,Short,Guess the Jersey Number - Pt 7,https://www.youtube.com/shorts/-oWbOy-555c,-oWbOy-555c,,19000,0,General Cricket Trivia Series,Creator Studio / Digital Production,Cricket Trivia & Jersey Guessing,Spin & Swing,No
YouTube,@spinandswing26,Short,India Aur West Indies ne kitne Test  Match khele hai ?,https://www.youtube.com/shorts/diB6dgHTIDM,diB6dgHTIDM,,19000,0,Cricket Coverage & Commentary,Independent Fan Coverage,Match Analysis & Tactics,Spin & Swing,No
YouTube,@spinandswing26,Short,Guess the Player | Spin & Swing,https://www.youtube.com/shorts/uK7yGWMuFak,uK7yGWMuFak,,19000,0,General Cricket Trivia Series,Creator Studio / Digital Production,Cricket Trivia & Player Guessing,Spin & Swing,No
YouTube,@spinandswing26,Short,Spinner hai ye ?? | Guess the Titans @gujarattitans,https://www.youtube.com/shorts/G4Zooq2eqnI,G4Zooq2eqnI,,19000,0,General Cricket Trivia Series,Creator Studio / Digital Production,Short-form Cricket Content,Spin & Swing,No
YouTube,@spinandswing26,Short,Guess the Titans @gujarattitans,https://www.youtube.com/shorts/SrZmH6mM2yw,SrZmH6mM2yw,,19000,0,General Cricket Trivia Series,Creator Studio / Digital Production,Short-form Cricket Content,Spin & Swing,No
YouTube,@spinandswing26,Short,Who is the Captain of MI ?,https://www.youtube.com/shorts/8rnLCKhDeco,8rnLCKhDeco,,18000,0,IPL 2026,Independent Fan Coverage,Short-form Cricket Content,Mumbai Indians (MI),No
YouTube,@spinandswing26,Short,Ya toh win hai ya toh lun !! #gujarattitans #ipl2026,https://www.youtube.com/shorts/zwIxOPqNiQw,zwIxOPqNiQw,,18000,0,IPL 2026,Independent Fan Coverage,Short-form Cricket Content,Spin & Swing,No
YouTube,@spinandswing26,Short,Hardik Aura 💀🔥,https://www.youtube.com/shorts/Asm_En715To,Asm_En715To,,18000,0,Cricket Coverage & Commentary,Independent Fan Coverage,Short-form Cricket Content,Spin & Swing,No
YouTube,@spinandswing26,Short,Guess the Cricketer | Spin & Swing,https://www.youtube.com/shorts/cPN7iaMLYIs,cPN7iaMLYIs,,18000,0,General Cricket Trivia Series,Creator Studio / Digital Production,Short-form Cricket Content,Spin & Swing,No
YouTube,@spinandswing26,Short,SRH - GT - Spinner | Guess the Titan @gujarattitans,https://www.youtube.com/shorts/yZEg6dy4xtU,yZEg6dy4xtU,,18000,0,IPL 2026,Creator Studio / Digital Production,Short-form Cricket Content,"Gujarat Titans (GT), Sunrisers Hyderabad (SRH)",No
YouTube,@spinandswing26,Short,Guess the Squad of T20 World Cup – Pt 10,https://www.youtube.com/shorts/unjTtjE3p8M,unjTtjE3p8M,,17000,0,ICC Men's T20 World Cup 2026,Creator Studio / Digital Production,Cricket Trivia & Squad Quiz,Spin & Swing,No
YouTube,@spinandswing26,Short,Kitne match hue hai ? Ind vs Wi,https://www.youtube.com/shorts/jwFxiZENXxk,jwFxiZENXxk,,17000,0,Cricket Coverage & Commentary,Independent Fan Coverage,Match Analysis & Tactics,Spin & Swing,No
YouTube,@spinandswing26,Short,Aawaz padosiyon tak jaani chahiye… 🗣️🔥,https://www.youtube.com/shorts/V7eqHJVT6hw,V7eqHJVT6hw,,16000,0,Cricket Coverage & Commentary,Independent Fan Coverage,Short-form Cricket Content,Spin & Swing,No
YouTube,@spinandswing26,Short,Player ache hai lekin khelte nahi !!,https://www.youtube.com/shorts/RgAdt1FWmU0,RgAdt1FWmU0,,16000,0,General Cricket Trivia Series,Independent Fan Coverage,Short-form Cricket Content,Spin & Swing,No
YouTube,@spinandswing26,Short,Guess the Jersey Number - Pt 5,https://www.youtube.com/shorts/vngPfPAu1vI,vngPfPAu1vI,,16000,0,General Cricket Trivia Series,Creator Studio / Digital Production,Cricket Trivia & Jersey Guessing,Spin & Swing,No
YouTube,@spinandswing26,Short,Virat ne kitne Century mari ??,https://www.youtube.com/shorts/_eIGUaN0XQ8,_eIGUaN0XQ8,,16000,0,Cricket Coverage & Commentary,Independent Fan Coverage,Short-form Cricket Content,Spin & Swing,No
YouTube,@spinandswing26,Short,Cute Csk fan 🥹💗,https://www.youtube.com/shorts/gHKq9o3dZ9k,gHKq9o3dZ9k,,16000,0,IPL 2026,Independent Fan Coverage,Fan Vox Pop & Stadium Reaction,Chennai Super Kings (CSK),No
YouTube,@spinandswing26,Short,Csk ke liye important player hai | guess the players #cricket #guesstheplayer,https://www.youtube.com/shorts/zYg5xktV3m4,zYg5xktV3m4,,16000,0,IPL 2026,Creator Studio / Digital Production,Cricket Trivia & Player Guessing,Chennai Super Kings (CSK),No
YouTube,@spinandswing26,Short,Final calling Babyyy !! 💙🧿,https://www.youtube.com/shorts/0KKjZPJ8-qM,0KKjZPJ8-qM,,15000,0,Cricket Coverage & Commentary,Independent Fan Coverage,Short-form Cricket Content,Spin & Swing,No
YouTube,@spinandswing26,Short,Which one IPL rule would you like to remove ?,https://www.youtube.com/shorts/pQALIvxG_B4,pQALIvxG_B4,,15000,0,IPL 2026,Independent Fan Coverage,Short-form Cricket Content,Spin & Swing,No
YouTube,@spinandswing26,Short,Rohit Over Virat in Test !!,https://www.youtube.com/shorts/DB9UWCwbwNk,DB9UWCwbwNk,,15000,0,Cricket Coverage & Commentary,Independent Fan Coverage,Short-form Cricket Content,Spin & Swing,No
YouTube,@spinandswing26,Short,Guess and Win | Spin & Swing,https://www.youtube.com/shorts/ylZxYNB1U5Q,ylZxYNB1U5Q,,15000,0,Cricket Coverage & Commentary,Independent Fan Coverage,Short-form Cricket Content,Spin & Swing,No
YouTube,@spinandswing26,Short,Guess the age | Spin & Swing,https://www.youtube.com/shorts/pchnEbuDAtw,pchnEbuDAtw,,15000,0,General Cricket Trivia Series,Creator Studio / Digital Production,Short-form Cricket Content,Spin & Swing,No
YouTube,@spinandswing26,Short,When Virat is everything 😭💗,https://www.youtube.com/shorts/t29S2WbolKw,t29S2WbolKw,,15000,0,Cricket Coverage & Commentary,Independent Fan Coverage,Short-form Cricket Content,Spin & Swing,No
YouTube,@spinandswing26,Short,Guess the players,https://www.youtube.com/shorts/204lZMswxH0,204lZMswxH0,,15000,0,General Cricket Trivia Series,Creator Studio / Digital Production,Cricket Trivia & Player Guessing,Spin & Swing,No
Instagram,@spinandswing26,Reel,Reel (DdBtYkwy1zp),https://www.instagram.com/reel/DdBtYkwy1zp/,DdBtYkwy1zp,2026,14624,2345,Cricket Coverage & Commentary,Independent Fan Coverage,Short-form Cricket Content,Spin & Swing,No
YouTube,@spinandswing26,Short,Guess the jersey Number !!,https://www.youtube.com/shorts/mJ1OodLYGIU,mJ1OodLYGIU,,14000,0,General Cricket Trivia Series,Creator Studio / Digital Production,Cricket Trivia & Jersey Guessing,Spin & Swing,No
YouTube,@spinandswing26,Short,Which IPL team makes you feel angry when you watch them ? Pt - 3,https://www.youtube.com/shorts/D7p80R6hMoE,D7p80R6hMoE,,14000,0,IPL 2026,Independent Fan Coverage,Short-form Cricket Content,Spin & Swing,No
YouTube,@spinandswing26,Short,What is Punjab Slogan ?,https://www.youtube.com/shorts/rWLP3heqOLs,rWLP3heqOLs,,14000,0,Cricket Coverage & Commentary,Independent Fan Coverage,Short-form Cricket Content,Spin & Swing,No
YouTube,@spinandswing26,Short,Will Gujarat make a comeback in the upcoming match ?,https://www.youtube.com/shorts/NoLSUi2p1jc,NoLSUi2p1jc,,14000,0,IPL 2026,Independent Fan Coverage,Match Analysis & Tactics,Mumbai Indians (MI),No
YouTube,@spinandswing26,Short,Guess the Squad of T20 World Cup - Pt 3,https://www.youtube.com/shorts/_3GAb3dL_Y8,_3GAb3dL_Y8,,14000,0,ICC Men's T20 World Cup 2026,Creator Studio / Digital Production,Cricket Trivia & Squad Quiz,Spin & Swing,No
YouTube,@spinandswing26,Short,Thala for a reason !!,https://www.youtube.com/shorts/YzxSvoeWYJ0,YzxSvoeWYJ0,,14000,0,Cricket Coverage & Commentary,Independent Fan Coverage,Short-form Cricket Content,Spin & Swing,No
YouTube,@spinandswing26,Short,Ye player kis Ipl team me hai ???,https://www.youtube.com/shorts/U0BfdqUa3fw,U0BfdqUa3fw,,14000,0,IPL 2026,Independent Fan Coverage,Short-form Cricket Content,Spin & Swing,No
YouTube,@spinandswing26,Short,Kkr head coach in 2024 ?,https://www.youtube.com/shorts/cXk4YMNE2Lk,cXk4YMNE2Lk,,14000,0,IPL 2026,Independent Fan Coverage,Short-form Cricket Content,Kolkata Knight Riders (KKR),No
Instagram,@abhishekpandey_26,Reel,Reel (Dc9EL1lspXc),https://www.instagram.com/reel/Dc9EL1lspXc/,Dc9EL1lspXc,2026,13688,3,Cricket Coverage & Commentary,Independent Fan Coverage,Short-form Cricket Content,Abhishek Unseen,No
YouTube,@spinandswing26,Short,What is the full form of LBW ?,https://www.youtube.com/shorts/J8didZxkkWA,J8didZxkkWA,,13000,0,Cricket Coverage & Commentary,Independent Fan Coverage,Short-form Cricket Content,Spin & Swing,No
YouTube,@spinandswing26,Short,Guess the Titans | Spin & Swing,https://www.youtube.com/shorts/LcZsTgfWhY0,LcZsTgfWhY0,,13000,0,General Cricket Trivia Series,Creator Studio / Digital Production,Short-form Cricket Content,Spin & Swing,No
YouTube,@spinandswing26,Short,Guess the Royals !,https://www.youtube.com/shorts/a90OOa9wxeM,a90OOa9wxeM,,13000,0,General Cricket Trivia Series,Creator Studio / Digital Production,Short-form Cricket Content,Spin & Swing,No
Instagram,@spinandswing26,Reel,Reel (Dcsy9LtIEk1),https://www.instagram.com/reel/Dcsy9LtIEk1/,Dcsy9LtIEk1,2026,12497,3,Cricket Coverage & Commentary,Independent Fan Coverage,Short-form Cricket Content,Spin & Swing,No
YouTube,@spinandswing26,Video,SO CLOSE YET SO FAR 💔 | GT VS RCB FINAL - VLOG 37,https://www.youtube.com/watch?v=Bu1a4Z9vPNQ,Bu1a4Z9vPNQ,,12000,0,IPL 2026,Independent Fan Coverage,Behind The Scenes / Vlog,"Gujarat Titans (GT), Royal Challengers Bengaluru (RCB)",No
YouTube,@spinandswing26,Short,Why do you support Gujarat Titans ?,https://www.youtube.com/shorts/jBWWftIRQ9c,jBWWftIRQ9c,,12000,0,IPL 2026,Independent Fan Coverage,Short-form Cricket Content,Gujarat Titans (GT),No
YouTube,@spinandswing26,Short,Which is your favourite team in IPL ?,https://www.youtube.com/shorts/PrHtqwAfvtM,PrHtqwAfvtM,,12000,0,IPL 2026,Independent Fan Coverage,Short-form Cricket Content,Spin & Swing,No
YouTube,@spinandswing26,Short,Rohit Over Dhoni & Virat in T20 - Pt 5,https://www.youtube.com/shorts/d73XO-1yRsM,d73XO-1yRsM,,12000,0,Cricket Coverage & Commentary,Independent Fan Coverage,Short-form Cricket Content,Spin & Swing,No
YouTube,@spinandswing26,Short,Acha hai tu cricket utna nahi dekhta,https://www.youtube.com/shorts/zFjL_SPgEXo,zFjL_SPgEXo,,12000,0,Cricket Coverage & Commentary,Independent Fan Coverage,Short-form Cricket Content,Spin & Swing,No
YouTube,@spinandswing26,Short,Trophy Aava De 💙,https://www.youtube.com/shorts/x9USLN9ImGQ,x9USLN9ImGQ,,12000,0,Cricket Coverage & Commentary,Independent Fan Coverage,Short-form Cricket Content,Spin & Swing,No
YouTube,@spinandswing26,Short,Cute Gt fan 😂🎀 | Spin & Swing @gujarattitans,https://www.youtube.com/shorts/veYz4PGTelg,veYz4PGTelg,,12000,0,IPL 2026,Independent Fan Coverage,Fan Vox Pop & Stadium Reaction,Gujarat Titans (GT),No
YouTube,@spinandswing26,Short,Milte hai Ahmedabad me 😔,https://www.youtube.com/shorts/ELx_r-3KjCk,ELx_r-3KjCk,,12000,0,IPL 2026,Independent Fan Coverage,Short-form Cricket Content,Mumbai Indians (MI),No
Instagram,@abhishekpandey_26,Reel,Reel (Dc605lsxi8w),https://www.instagram.com/reel/Dc605lsxi8w/,Dc605lsxi8w,2026,11807,3,Cricket Coverage & Commentary,Independent Fan Coverage,Short-form Cricket Content,Abhishek Unseen,No
Instagram,@abhishekpandey_26,Reel,Reel (Dc5DkcQzE5T),https://www.instagram.com/reel/Dc5DkcQzE5T/,Dc5DkcQzE5T,2026,11570,3,Cricket Coverage & Commentary,Independent Fan Coverage,Short-form Cricket Content,Abhishek Unseen,No
YouTube,@spinandswing26,Short,Which player comes to your mind !,https://www.youtube.com/shorts/04nkEA2WKAc,04nkEA2WKAc,,11000,0,IPL 2026,Independent Fan Coverage,Short-form Cricket Content,Mumbai Indians (MI),No
YouTube,@spinandswing26,Short,Who are your favorite DPL players ?,https://www.youtube.com/shorts/X02IWEOWUr0,X02IWEOWUr0,,11000,0,DPL 2026 (Delhi Premier League),Independent Fan Coverage,Short-form Cricket Content,Spin & Swing,No
YouTube,@spinandswing26,Short,So close yet so far !!,https://www.youtube.com/shorts/MPXnmTQuuQY,MPXnmTQuuQY,,11000,0,Cricket Coverage & Commentary,Independent Fan Coverage,Short-form Cricket Content,Spin & Swing,No
YouTube,@spinandswing26,Short,Which team performed the worst in this IPL?,https://www.youtube.com/shorts/oEhDCjNJq8w,oEhDCjNJq8w,,11000,0,IPL 2026,Independent Fan Coverage,Short-form Cricket Content,Spin & Swing,No
YouTube,@spinandswing26,Short,What does GT mean to you ?,https://www.youtube.com/shorts/hdyg2TA7d7I,hdyg2TA7d7I,,11000,0,IPL 2026,Independent Fan Coverage,Short-form Cricket Content,Gujarat Titans (GT),No
YouTube,@spinandswing26,Short,Guess the Squad of RCB – 15,https://www.youtube.com/shorts/OSs16WMAeP4,OSs16WMAeP4,,11000,0,IPL 2026,Creator Studio / Digital Production,Cricket Trivia & Squad Quiz,Royal Challengers Bengaluru (RCB),No
YouTube,@spinandswing26,Short,Guess the Squad of WPL– Pt 7,https://www.youtube.com/shorts/W8Ewz9BkNPM,W8Ewz9BkNPM,,11000,0,WPL 2026,Creator Studio / Digital Production,Cricket Trivia & Squad Quiz,Spin & Swing,No
YouTube,@spinandswing26,Short,Virat ne kitne runs banaye hai,https://www.youtube.com/shorts/ta8OabqWMZo,ta8OabqWMZo,,11000,0,Cricket Coverage & Commentary,Independent Fan Coverage,Short-form Cricket Content,Spin & Swing,No
YouTube,@spinandswing26,Short,Ye thoda easy tha | Guess the Player!,https://www.youtube.com/shorts/4JjDUYtO5W8,4JjDUYtO5W8,,11000,0,General Cricket Trivia Series,Creator Studio / Digital Production,Cricket Trivia & Player Guessing,Spin & Swing,No
YouTube,@spinandswing26,Short,India vs England Semi-final 💀💀,https://www.youtube.com/shorts/Ubp9wW1z41s,Ubp9wW1z41s,,11000,0,IPL 2026,Independent Fan Coverage,Short-form Cricket Content,Mumbai Indians (MI),No
YouTube,@spinandswing26,Short,Ha Bhai bana ab 300 😏🤡,https://www.youtube.com/shorts/Ez4PVM11SEo,Ez4PVM11SEo,,11000,0,Cricket Coverage & Commentary,Independent Fan Coverage,Short-form Cricket Content,Spin & Swing,No
YouTube,@spinandswing26,Short,Who is the captain of our Indian Women's team ?,https://www.youtube.com/shorts/4TO3haI0p3w,4TO3haI0p3w,,10000,0,WPL 2026,Independent Fan Coverage,Short-form Cricket Content,Spin & Swing,No
YouTube,@spinandswing26,Short,Guess the Player of Indian Women's team,https://www.youtube.com/shorts/G315Aa6YjOk,G315Aa6YjOk,,10000,0,WPL 2026,Creator Studio / Digital Production,Cricket Trivia & Player Guessing,Spin & Swing,No
YouTube,@spinandswing26,Short,Idhar bhi log csk bol rahe 😭,https://www.youtube.com/shorts/om3f0_8YR7Q,om3f0_8YR7Q,,10000,0,IPL 2026,Independent Fan Coverage,Short-form Cricket Content,Chennai Super Kings (CSK),No
YouTube,@spinandswing26,Short,Which team will win the IPL this year ?,https://www.youtube.com/shorts/S5fikGKkmTA,S5fikGKkmTA,,10000,0,IPL 2026,Independent Fan Coverage,Short-form Cricket Content,Spin & Swing,No
YouTube,@spinandswing26,Short,Tum kisko ban karoge ?,https://www.youtube.com/shorts/L_m-vYBVm3I,L_m-vYBVm3I,,10000,0,Cricket Coverage & Commentary,Independent Fan Coverage,Short-form Cricket Content,Spin & Swing,No
YouTube,@spinandswing26,Short,Guess the Squad of T20 World Cup – Pt 17,https://www.youtube.com/shorts/OHGV_4iABGM,OHGV_4iABGM,,10000,0,ICC Men's T20 World Cup 2026,Creator Studio / Digital Production,Cricket Trivia & Squad Quiz,Spin & Swing,No
YouTube,@spinandswing26,Short,Rcbw fans vs Miw Fans - WPL,https://www.youtube.com/shorts/R0xfD32bhF8,R0xfD32bhF8,,10000,0,WPL 2026,Independent Fan Coverage,Fan Vox Pop & Stadium Reaction,"Mumbai Indians (MI), Royal Challengers Bengaluru (RCB)",No
YouTube,@spinandswing26,Short,Guess the Squad of WPL– Pt 17,https://www.youtube.com/shorts/FeBOjqaErt4,FeBOjqaErt4,,10000,0,WPL 2026,Creator Studio / Digital Production,Cricket Trivia & Squad Quiz,Spin & Swing,No
YouTube,@spinandswing26,Short,Guess the Players by their jersey number,https://www.youtube.com/shorts/jv66aH1TBLY,jv66aH1TBLY,,10000,0,General Cricket Trivia Series,Creator Studio / Digital Production,Cricket Trivia & Player Guessing,Spin & Swing,No
YouTube,@spinandswing26,Short,India Playing XI vs West Indies - Pt 3,https://www.youtube.com/shorts/FKWMwTnttbE,FKWMwTnttbE,,10000,0,Cricket Coverage & Commentary,Independent Fan Coverage,Short-form Cricket Content,Spin & Swing,No
YouTube,@spinandswing26,Short,Ye ek Spinner tha,https://www.youtube.com/shorts/EsBGpCti6AI,EsBGpCti6AI,,10000,0,Cricket Coverage & Commentary,Independent Fan Coverage,Short-form Cricket Content,Spin & Swing,No
YouTube,@spinandswing26,Short,Guess the Player | Spin & Swing,https://www.youtube.com/shorts/3Ia7P7dIcyc,3Ia7P7dIcyc,,10000,0,General Cricket Trivia Series,Creator Studio / Digital Production,Cricket Trivia & Player Guessing,Spin & Swing,No
YouTube,@spinandswing26,Short,Kyu Vaibhav bhai Kyuu 😭😭,https://www.youtube.com/shorts/YxRg4T08wss,YxRg4T08wss,,10000,0,Cricket Coverage & Commentary,Independent Fan Coverage,Short-form Cricket Content,Spin & Swing,No
YouTube,@spinandswing26,Short,"The Man ,The Myth ,The Mahi 💛",https://www.youtube.com/shorts/913h1At_69k,913h1At_69k,,10000,0,Cricket Coverage & Commentary,Independent Fan Coverage,Short-form Cricket Content,Spin & Swing,No
YouTube,@spinandswing26,Short,Konsa Player Overrated hai ?,https://www.youtube.com/shorts/12-xr3I-7Fw,12-xr3I-7Fw,,10000,0,General Cricket Trivia Series,Independent Fan Coverage,Short-form Cricket Content,Spin & Swing,No
YouTube,@spinandswing26,Short,Kya karu es team ka 😭,https://www.youtube.com/shorts/SoECDc0dUeU,SoECDc0dUeU,,9800,0,Cricket Coverage & Commentary,Independent Fan Coverage,Short-form Cricket Content,Spin & Swing,No
YouTube,@spinandswing26,Short,Will Gujarat Titans win this IPL ? - Part 1,https://www.youtube.com/shorts/SCU6cLyP46A,SCU6cLyP46A,,9700,0,IPL 2026,Independent Fan Coverage,Short-form Cricket Content,Gujarat Titans (GT),No
YouTube,@spinandswing26,Short,Guess the Squad of Delhi Capitals,https://www.youtube.com/shorts/qYutIGAgpMg,qYutIGAgpMg,,9700,0,General Cricket Trivia Series,Creator Studio / Digital Production,Cricket Trivia & Squad Quiz,Spin & Swing,No
YouTube,@spinandswing26,Short,Bhai ki cricket knowledge 😭😂,https://www.youtube.com/shorts/_xJ37BWoJ7E,_xJ37BWoJ7E,,9700,0,Cricket Coverage & Commentary,Independent Fan Coverage,Short-form Cricket Content,Spin & Swing,No
YouTube,@spinandswing26,Short,Guess the Titans | Spin & Swing,https://www.youtube.com/shorts/rfWygutbjp4,rfWygutbjp4,,9700,0,General Cricket Trivia Series,Creator Studio / Digital Production,Short-form Cricket Content,Spin & Swing,No
YouTube,@spinandswing26,Short,Ranking them according to their captaincy,https://www.youtube.com/shorts/0oaUjIfwNhg,0oaUjIfwNhg,,9500,0,Cricket Coverage & Commentary,Independent Fan Coverage,Short-form Cricket Content,Spin & Swing,No
YouTube,@spinandswing26,Short,Overrated ???,https://www.youtube.com/shorts/T8oCY4Fsnto,T8oCY4Fsnto,,9500,0,Cricket Coverage & Commentary,Independent Fan Coverage,Short-form Cricket Content,Spin & Swing,No
YouTube,@spinandswing26,Short,Guess the Squad of T20 World Cup – Pt 9,https://www.youtube.com/shorts/zN7crLtup-0,zN7crLtup-0,,9400,0,ICC Men's T20 World Cup 2026,Creator Studio / Digital Production,Cricket Trivia & Squad Quiz,Spin & Swing,No
YouTube,@spinandswing26,Short,Es player ko gussa bhut aata hai | Guess the player #cricket #guesstheplayer,https://www.youtube.com/shorts/DArZ1bZEtUA,DArZ1bZEtUA,,9300,0,General Cricket Trivia Series,Creator Studio / Digital Production,Cricket Trivia & Player Guessing,Spin & Swing,No
YouTube,@spinandswing26,Short,Guess the Squad of WPL– Pt 12,https://www.youtube.com/shorts/MkIfkFShNYs,MkIfkFShNYs,,9200,0,WPL 2026,Creator Studio / Digital Production,Cricket Trivia & Squad Quiz,Spin & Swing,No
YouTube,@spinandswing26,Video,NETWORK MARKETING ROAST 😂😂,https://www.youtube.com/watch?v=fycoNJtgTqQ,fycoNJtgTqQ,,9100,0,Cricket Coverage & Commentary,Independent Fan Coverage,Short-form Cricket Content,Spin & Swing,No
YouTube,@spinandswing26,Short,Which IPL team you dislike the most ?,https://www.youtube.com/shorts/GnWhJdjD2jI,GnWhJdjD2jI,,9100,0,IPL 2026,Independent Fan Coverage,Short-form Cricket Content,Spin & Swing,No
YouTube,@spinandswing26,Short,Kar diya Srh ko silent 🤫,https://www.youtube.com/shorts/KDSs_-cFE84,KDSs_-cFE84,,9000,0,IPL 2026,Independent Fan Coverage,Short-form Cricket Content,Sunrisers Hyderabad (SRH),No
YouTube,@spinandswing26,Short,5k for black ticket !!,https://www.youtube.com/shorts/5Gg3mWNDayA,5Gg3mWNDayA,,9000,0,Cricket Coverage & Commentary,Independent Fan Coverage,Short-form Cricket Content,Spin & Swing,No
YouTube,@spinandswing26,Short,Playing 11 of KKR #kolkatanightriders #ipl2026,https://www.youtube.com/shorts/2EIqFyg0pBc,2EIqFyg0pBc,,8800,0,IPL 2026,Independent Fan Coverage,Short-form Cricket Content,Kolkata Knight Riders (KKR),No
YouTube,@spinandswing26,Short,Guess the Squad of T20 World Cup – Pt 5,https://www.youtube.com/shorts/_QvAgvQ50i4,_QvAgvQ50i4,,8800,0,ICC Men's T20 World Cup 2026,Creator Studio / Digital Production,Cricket Trivia & Squad Quiz,Spin & Swing,No
YouTube,@spinandswing26,Short,Which IPL team makes you feel angry when you watch them ? Pt - 2,https://www.youtube.com/shorts/ogMba9qiYeE,ogMba9qiYeE,,8500,0,IPL 2026,Independent Fan Coverage,Short-form Cricket Content,Spin & Swing,No
YouTube,@spinandswing26,Short,3 Matches 250+ runs !!,https://www.youtube.com/shorts/sGU9mW3eeXA,sGU9mW3eeXA,,8400,0,Cricket Coverage & Commentary,Independent Fan Coverage,Match Analysis & Tactics,Spin & Swing,No
YouTube,@spinandswing26,Short,Rcb fan over Csk !!,https://www.youtube.com/shorts/YUO5DeV8zaM,YUO5DeV8zaM,,8300,0,IPL 2026,Independent Fan Coverage,Fan Vox Pop & Stadium Reaction,"Royal Challengers Bengaluru (RCB), Chennai Super Kings (CSK)",No
YouTube,@spinandswing26,Short,Agar Draw ho jaye match toh kya hota hai ?,https://www.youtube.com/shorts/k6LuJt47Vac,k6LuJt47Vac,,8300,0,Cricket Coverage & Commentary,Independent Fan Coverage,Match Analysis & Tactics,Spin & Swing,No
YouTube,@spinandswing26,Short,Usne 200 bhi mara hai !!,https://www.youtube.com/shorts/aZ-gJUzS5ew,aZ-gJUzS5ew,,8300,0,Cricket Coverage & Commentary,Independent Fan Coverage,Short-form Cricket Content,Spin & Swing,No
YouTube,@spinandswing26,Short,IPL Memory Test Part 2  | Spin & Swing,https://www.youtube.com/shorts/TNnHNiP6Bv8,TNnHNiP6Bv8,,8200,0,IPL 2026,Independent Fan Coverage,Short-form Cricket Content,Spin & Swing,No
Instagram,@abhishekpandey_26,Reel,Guess the Player | Spin & Swing (SRH),https://www.instagram.com/reel/DJmHLxRSeFU/,DJmHLxRSeFU,March – May 2025,8200,367,IPL 2025,Independent Fan Coverage,Cricket Trivia & Player Guessing,Sunrisers Hyderabad (SRH),Yes
YouTube,@spinandswing26,Short,Guess the Squad of WPL – Pt 16,https://www.youtube.com/shorts/vrXumPdSxZs,vrXumPdSxZs,,8100,0,WPL 2026,Creator Studio / Digital Production,Cricket Trivia & Squad Quiz,Spin & Swing,No
YouTube,@spinandswing26,Short,Csk ka Player hai,https://www.youtube.com/shorts/vRslQM-W0UY,vRslQM-W0UY,,8100,0,IPL 2026,Independent Fan Coverage,Short-form Cricket Content,Chennai Super Kings (CSK),No
YouTube,@spinandswing26,Short,Bro with -1000 Aura | Spin & Swing,https://www.youtube.com/shorts/p_Y0CY0Iy1E,p_Y0CY0Iy1E,,8100,0,Cricket Coverage & Commentary,Independent Fan Coverage,Short-form Cricket Content,Spin & Swing,No
YouTube,@spinandswing26,Short,Gujarat Titans vs Gujarat Giants,https://www.youtube.com/shorts/ttrtWRjnStE,ttrtWRjnStE,,8000,0,IPL 2026,Independent Fan Coverage,Short-form Cricket Content,Gujarat Titans (GT),No
YouTube,@spinandswing26,Short,Guess the Titans | Part 2 @gujarattitans,https://www.youtube.com/shorts/C5Zgd9cC4nw,C5Zgd9cC4nw,,7900,0,General Cricket Trivia Series,Creator Studio / Digital Production,Short-form Cricket Content,Spin & Swing,No
Instagram,@abhishekpandey_26,Reel,Reel (DdBONdPhwIx),https://www.instagram.com/reel/DdBONdPhwIx/,DdBONdPhwIx,2026,7870,3,Cricket Coverage & Commentary,Independent Fan Coverage,Short-form Cricket Content,Abhishek Unseen,No
YouTube,@spinandswing26,Short,Kya tum Confirm hoo ? 😂😂,https://www.youtube.com/shorts/M-fFoF3W4Ls,M-fFoF3W4Ls,,7700,0,Cricket Coverage & Commentary,Independent Fan Coverage,Short-form Cricket Content,Spin & Swing,No
YouTube,@spinandswing26,Short,India ko jarurat nahi aise fans ki,https://www.youtube.com/shorts/7CShNjj1KRI,7CShNjj1KRI,,7700,0,Cricket Coverage & Commentary,Independent Fan Coverage,Fan Vox Pop & Stadium Reaction,Spin & Swing,No
YouTube,@spinandswing26,Short,Which IPL team do you dislike the most ? Part 4,https://www.youtube.com/shorts/rJvGdSXzqtI,rJvGdSXzqtI,,7600,0,IPL 2026,Independent Fan Coverage,Short-form Cricket Content,Spin & Swing,No
YouTube,@abhishekunseen26,Video,My Sister Got a New Scooty !! | VLOG 24,https://www.youtube.com/watch?v=QFm84hH-T94,QFm84hH-T94,2025-05-03,7554,0,Creator Journey & Vlogs (Abhishek Unseen),Creator Studio / Personal,Behind The Scenes / Vlog,Abhishek Unseen,No
YouTube,@spinandswing26,Short,Rcbw fans vs Miw Fans – WPL  Pt 2,https://www.youtube.com/shorts/T5VyVc7Nwbg,T5VyVc7Nwbg,,7500,0,WPL 2026,Independent Fan Coverage,Fan Vox Pop & Stadium Reaction,"Mumbai Indians (MI), Royal Challengers Bengaluru (RCB)",No
YouTube,@spinandswing26,Short,Harmanpreet Paglu 😭💗,https://www.youtube.com/shorts/dyQXsaQm59w,dyQXsaQm59w,,7400,0,WPL 2026,Independent Fan Coverage,Short-form Cricket Content,Harmanpreet Kaur,No
YouTube,@spinandswing26,Short,Ye ek wicket keeper hai !!,https://www.youtube.com/shorts/my1ejNERF9o,my1ejNERF9o,,7400,0,Cricket Coverage & Commentary,Independent Fan Coverage,Short-form Cricket Content,Spin & Swing,No
Instagram,@abhishekpandey_26,Reel,Guess the Player | Spin & Swing (MI vs GT),https://www.instagram.com/reel/DKOxcw4y6LX/,DKOxcw4y6LX,March – May 2025,7400,335,IPL 2025,Independent Fan Coverage,Cricket Trivia & Player Guessing,"Mumbai Indians (MI), Gujarat Titans (GT)",Yes
YouTube,@spinandswing26,Short,Guess the Squad of WPL– Pt 13,https://www.youtube.com/shorts/2Hsmb5YH6IY,2Hsmb5YH6IY,,7300,0,WPL 2026,Creator Studio / Digital Production,Cricket Trivia & Squad Quiz,Spin & Swing,No
YouTube,@spinandswing26,Short,Indian Wicketkeeper hai | #spin&swing,https://www.youtube.com/shorts/sQh7KwWQFSM,sQh7KwWQFSM,,7200,0,Cricket Coverage & Commentary,Independent Fan Coverage,Short-form Cricket Content,Spin & Swing,No
YouTube,@spinandswing26,Short,Nahi bhai aaj nahi 🥶🤫,https://www.youtube.com/shorts/YjV8EQq2F7Q,YjV8EQq2F7Q,,7100,0,Cricket Coverage & Commentary,Independent Fan Coverage,Short-form Cricket Content,Spin & Swing,No
YouTube,@spinandswing26,Short,Csk ne kaisa khela tha 16 - 17 me ?,https://www.youtube.com/shorts/SrXSwsJRtus,SrXSwsJRtus,,7100,0,IPL 2026,Independent Fan Coverage,Short-form Cricket Content,Chennai Super Kings (CSK),No
YouTube,@spinandswing26,Short,Who is the Captain of RCB ?,https://www.youtube.com/shorts/IYH3LLEir14,IYH3LLEir14,,7000,0,IPL 2026,Independent Fan Coverage,Short-form Cricket Content,Royal Challengers Bengaluru (RCB),No
YouTube,@spinandswing26,Short,Who won the women's Odi World Cup 2025 ?,https://www.youtube.com/shorts/Cs3IpzDTAR0,Cs3IpzDTAR0,,7000,0,WPL 2026,Independent Fan Coverage,Short-form Cricket Content,Spin & Swing,No
YouTube,@spinandswing26,Short,Guess the Playing 11 of rcb !!,https://www.youtube.com/shorts/Uj5T2il3-go,Uj5T2il3-go,,6700,0,IPL 2026,Creator Studio / Digital Production,Short-form Cricket Content,Royal Challengers Bengaluru (RCB),No
YouTube,@spinandswing26,Short,Aggu bhai Australia toh bahar !!,https://www.youtube.com/shorts/2A8fyuVon7g,2A8fyuVon7g,,6700,0,Cricket Coverage & Commentary,Independent Fan Coverage,Short-form Cricket Content,Spin & Swing,No
YouTube,@spinandswing26,Short,Who is the Captain of Gujarat Giants ? Pt 2,https://www.youtube.com/shorts/xek8qpGq-FQ,xek8qpGq-FQ,,6600,0,Cricket Coverage & Commentary,Independent Fan Coverage,Short-form Cricket Content,Spin & Swing,No
YouTube,@spinandswing26,Short,Rohit Bhai Supremacy,https://www.youtube.com/shorts/EFeWdG_bbM0,EFeWdG_bbM0,,6600,0,Cricket Coverage & Commentary,Independent Fan Coverage,Short-form Cricket Content,Spin & Swing,No
YouTube,@spinandswing26,Short,Credit khud mil jaata hai !!,https://www.youtube.com/shorts/Ttq7u9xs1g0,Ttq7u9xs1g0,,6500,0,IPL 2026,Independent Fan Coverage,Short-form Cricket Content,Mumbai Indians (MI),No
YouTube,@spinandswing26,Short,Guess the Squad of RCB – 14,https://www.youtube.com/shorts/DppI76e_JhI,DppI76e_JhI,,6500,0,IPL 2026,Creator Studio / Digital Production,Cricket Trivia & Squad Quiz,Royal Challengers Bengaluru (RCB),No
YouTube,@spinandswing26,Short,Three in a row 🔥🧿,https://www.youtube.com/shorts/yon2zWp8CRo,yon2zWp8CRo,,6400,0,Cricket Coverage & Commentary,Independent Fan Coverage,Short-form Cricket Content,Spin & Swing,No
YouTube,@spinandswing26,Short,We are World Champions 🏆🏆🏆🇮🇳,https://www.youtube.com/shorts/yRb3pAjS4Wc,yRb3pAjS4Wc,,6400,0,Cricket Coverage & Commentary,Independent Fan Coverage,Short-form Cricket Content,Spin & Swing,No
YouTube,@spinandswing26,Short,India vs New Zealand Final Pt 2,https://www.youtube.com/shorts/XsaLMTsZbAc,XsaLMTsZbAc,,6400,0,Cricket Coverage & Commentary,Independent Fan Coverage,Short-form Cricket Content,Spin & Swing,No
YouTube,@spinandswing26,Short,Guess the Squad of T20 World Cup – Pt 7,https://www.youtube.com/shorts/gtqxnOQkQjY,gtqxnOQkQjY,,6400,0,ICC Men's T20 World Cup 2026,Creator Studio / Digital Production,Cricket Trivia & Squad Quiz,Spin & Swing,No
YouTube,@spinandswing26,Short,Gill Century against West Indies,https://www.youtube.com/shorts/ttlY0xhHlVc,ttlY0xhHlVc,,6400,0,Cricket Coverage & Commentary,Independent Fan Coverage,Short-form Cricket Content,Spin & Swing,No
YouTube,@spinandswing26,Short,Guess the Player With @India Cricket Canteen,https://www.youtube.com/shorts/b3tqNUEputg,b3tqNUEputg,,6400,0,General Cricket Trivia Series,Creator Studio / Digital Production,Cricket Trivia & Player Guessing,Spin & Swing,No
YouTube,@spinandswing26,Short,Guess the Squad of RCB !!,https://www.youtube.com/shorts/qsb0-cxQ-aY,qsb0-cxQ-aY,,6300,0,IPL 2026,Creator Studio / Digital Production,Cricket Trivia & Squad Quiz,Royal Challengers Bengaluru (RCB),No
Instagram,@spinandswing26,Reel,Reel (Dc710LjqRUk),https://www.instagram.com/reel/Dc710LjqRUk/,Dc710LjqRUk,2026,6273,3,Cricket Coverage & Commentary,Independent Fan Coverage,Short-form Cricket Content,Spin & Swing,No
YouTube,@spinandswing26,Short,Was this Ms Dhoni Last Season ? | Part 2,https://www.youtube.com/shorts/b4HjNh2dD0E,b4HjNh2dD0E,,6200,0,Cricket Coverage & Commentary,Independent Fan Coverage,Short-form Cricket Content,Spin & Swing,No
YouTube,@spinandswing26,Short,Guess the Squad of RCB – Pt 9,https://www.youtube.com/shorts/p2NPgHwNpuw,p2NPgHwNpuw,,6200,0,IPL 2026,Creator Studio / Digital Production,Cricket Trivia & Squad Quiz,Royal Challengers Bengaluru (RCB),No
YouTube,@spinandswing26,Short,Kon bol Raha tha Gt ko kamjor,https://www.youtube.com/shorts/jQ6nVMorIUY,jQ6nVMorIUY,,6200,0,IPL 2026,Independent Fan Coverage,Short-form Cricket Content,Gujarat Titans (GT),No
YouTube,@spinandswing26,Short,Srh aur dc dono me tha !!,https://www.youtube.com/shorts/BUze8D6-kKQ,BUze8D6-kKQ,,6100,0,IPL 2026,Independent Fan Coverage,Short-form Cricket Content,Sunrisers Hyderabad (SRH),No
YouTube,@spinandswing26,Short,Harmanpreet Kaur sabse jyada runs banayegi,https://www.youtube.com/shorts/CrX8BWDF03E,CrX8BWDF03E,,6000,0,WPL 2026,Independent Fan Coverage,Short-form Cricket Content,Harmanpreet Kaur,No
YouTube,@spinandswing26,Short,Ab kya bolu isko mai ??,https://www.youtube.com/shorts/WDZ67Bt-jTc,WDZ67Bt-jTc,,6000,0,Cricket Coverage & Commentary,Independent Fan Coverage,Short-form Cricket Content,Spin & Swing,No
Instagram,@abhishekpandey_26,Reel,Reel (DcqaIHXTq0j),https://www.instagram.com/reel/DcqaIHXTq0j/,DcqaIHXTq0j,2026,5953,3,Cricket Coverage & Commentary,Independent Fan Coverage,Short-form Cricket Content,Abhishek Unseen,No
YouTube,@spinandswing26,Short,Guess the Titans | Spin & Swing,https://www.youtube.com/shorts/9gcrnpeERg8,9gcrnpeERg8,,5900,0,General Cricket Trivia Series,Creator Studio / Digital Production,Short-form Cricket Content,Spin & Swing,No
YouTube,@spinandswing26,Short,Delhi ke pass kitne trophy hai ??,https://www.youtube.com/shorts/nenOCwgcIH0,nenOCwgcIH0,,5800,0,Cricket Coverage & Commentary,Independent Fan Coverage,Short-form Cricket Content,Spin & Swing,No
YouTube,@spinandswing26,Short,Babar nahi Dabar hai !,https://www.youtube.com/shorts/RCFP6UaA8LM,RCFP6UaA8LM,,5800,0,Cricket Coverage & Commentary,Independent Fan Coverage,Short-form Cricket Content,Spin & Swing,No
YouTube,@spinandswing26,Short,Match khel he to nahi pa Raha | #spin&swing,https://www.youtube.com/shorts/Wsa7j6niGi8,Wsa7j6niGi8,,5800,0,Cricket Coverage & Commentary,Independent Fan Coverage,Match Analysis & Tactics,Spin & Swing,No
YouTube,@spinandswing26,Short,India vs New Zealand,https://www.youtube.com/shorts/WJG9NiKmQ8g,WJG9NiKmQ8g,,5600,0,Cricket Coverage & Commentary,Independent Fan Coverage,Short-form Cricket Content,Spin & Swing,No
YouTube,@spinandswing26,Short,Will Rohit Score a double century in the 3rd ODI ?,https://www.youtube.com/shorts/rwwLWMizrGw,rwwLWMizrGw,,5500,0,Cricket Coverage & Commentary,Independent Fan Coverage,Short-form Cricket Content,Spin & Swing,No
YouTube,@spinandswing26,Short,Playing 11 of Mumbai Indians #mumbaiindians #ipl2026,https://www.youtube.com/shorts/qxowPTucN98,qxowPTucN98,,5500,0,IPL 2026,Independent Fan Coverage,Short-form Cricket Content,Mumbai Indians (MI),No
YouTube,@spinandswing26,Short,Kafi Underrated All-rounder tha,https://www.youtube.com/shorts/lB0dgBbi74I,lB0dgBbi74I,,5500,0,Cricket Coverage & Commentary,Independent Fan Coverage,Short-form Cricket Content,Spin & Swing,No
YouTube,@spinandswing26,Short,Why are GT Players wearing lavender colour Jerseys ?,https://www.youtube.com/shorts/cW4qCh876iw,cW4qCh876iw,,5400,0,IPL 2026,Creator Studio / Digital Production,Short-form Cricket Content,Gujarat Titans (GT),No
YouTube,@spinandswing26,Short,Bhai Mohit Sharma ??,https://www.youtube.com/shorts/LthdXcWbx24,LthdXcWbx24,,5400,0,Cricket Coverage & Commentary,Independent Fan Coverage,Short-form Cricket Content,Spin & Swing,No
YouTube,@spinandswing26,Short,Kane Williamson ❎ John Williamson ✅,https://www.youtube.com/shorts/qeL1HZYeWQU,qeL1HZYeWQU,,5400,0,Cricket Coverage & Commentary,Independent Fan Coverage,Short-form Cricket Content,Spin & Swing,No
YouTube,@spinandswing26,Short,How many runs did Sachin Tendulkar Scored in World Cup Final ?,https://www.youtube.com/shorts/WuNFUasZf1Y,WuNFUasZf1Y,,5400,0,ICC Men's T20 World Cup 2026,Independent Fan Coverage,Short-form Cricket Content,Spin & Swing,No
YouTube,@spinandswing26,Short,Punjab Kings se pehle kya naam tha Punjab ka ? #ipl2026,https://www.youtube.com/shorts/vndH_tfj1_g,vndH_tfj1_g,,5300,0,IPL 2026,Independent Fan Coverage,Short-form Cricket Content,Spin & Swing,No
YouTube,@spinandswing26,Short,Ranking them according to their captaincy in Odi,https://www.youtube.com/shorts/fHuhgW0S0MY,fHuhgW0S0MY,,5300,0,Cricket Coverage & Commentary,Independent Fan Coverage,Short-form Cricket Content,Spin & Swing,No
YouTube,@spinandswing26,Short,Moment I’ll Carry forever !!,https://www.youtube.com/shorts/DpVVOSNFdY8,DpVVOSNFdY8,,5200,0,Cricket Coverage & Commentary,Independent Fan Coverage,Short-form Cricket Content,Spin & Swing,No
YouTube,@spinandswing26,Short,Esne Sachin Tendulkar ko out kiya hai !,https://www.youtube.com/shorts/svIEAEk63kk,svIEAEk63kk,,5200,0,Cricket Coverage & Commentary,Independent Fan Coverage,Short-form Cricket Content,Spin & Swing,No
YouTube,@spinandswing26,Short,When did Ms Dhoni retire from Odi Cricket ?,https://www.youtube.com/shorts/kBlbyiIz0uk,kBlbyiIz0uk,,5200,0,Cricket Coverage & Commentary,Independent Fan Coverage,Short-form Cricket Content,Spin & Swing,No
YouTube,@spinandswing26,Short,Rcb Aur inka alag relation hai | Guess the Cricketer,https://www.youtube.com/shorts/abhT8eBPKNk,abhT8eBPKNk,,5100,0,IPL 2026,Creator Studio / Digital Production,Short-form Cricket Content,Royal Challengers Bengaluru (RCB),No
YouTube,@spinandswing26,Short,Story behind the 6-7 Celebration 😂🔥,https://www.youtube.com/shorts/EJN5QLhYmdw,EJN5QLhYmdw,,5000,0,Cricket Coverage & Commentary,Independent Fan Coverage,Short-form Cricket Content,Spin & Swing,No
YouTube,@spinandswing26,Short,Tumne kiski wajse chalu kiya tha ?,https://www.youtube.com/shorts/TWCOk7uD2FA,TWCOk7uD2FA,,5000,0,Cricket Coverage & Commentary,Independent Fan Coverage,Short-form Cricket Content,Spin & Swing,No
YouTube,@spinandswing26,Short,Wahh bhaiii wahhh 😂😂,https://www.youtube.com/shorts/emSnB6I9MyU,emSnB6I9MyU,,5000,0,Cricket Coverage & Commentary,Independent Fan Coverage,Short-form Cricket Content,Spin & Swing,No
YouTube,@spinandswing26,Short,Bhai pehle he samjha gaya 😂 #ipl2026,https://www.youtube.com/shorts/bWlD2uFSw7A,bWlD2uFSw7A,,4900,0,IPL 2026,Independent Fan Coverage,Short-form Cricket Content,Spin & Swing,No
YouTube,@spinandswing26,Short,India kab jeeta tha ?? Ind vs WI,https://www.youtube.com/shorts/5bNQ-yx_4g0,5bNQ-yx_4g0,,4900,0,Cricket Coverage & Commentary,Independent Fan Coverage,Short-form Cricket Content,Spin & Swing,No
YouTube,@spinandswing26,Short,Mujhe girls nahi pasand 😂🎀,https://www.youtube.com/shorts/2hRdbgojv2k,2hRdbgojv2k,,4800,0,Cricket Coverage & Commentary,Independent Fan Coverage,Short-form Cricket Content,Spin & Swing,No
YouTube,@spinandswing26,Short,Move on kaise karu @gujarattitans,https://www.youtube.com/shorts/K9xn9jZnTJE,K9xn9jZnTJE,,4800,0,Cricket Coverage & Commentary,Independent Fan Coverage,Short-form Cricket Content,Spin & Swing,No
YouTube,@spinandswing26,Short,Guess and Win - Part 2 | Spin & Swing,https://www.youtube.com/shorts/pFxGYlghk1s,pFxGYlghk1s,,4800,0,Cricket Coverage & Commentary,Independent Fan Coverage,Short-form Cricket Content,Spin & Swing,No
YouTube,@spinandswing26,Short,Guess the Titans !! @gujarattitans,https://www.youtube.com/shorts/IVR3Z9rH8JU,IVR3Z9rH8JU,,4800,0,General Cricket Trivia Series,Creator Studio / Digital Production,Short-form Cricket Content,Spin & Swing,No
YouTube,@spinandswing26,Short,Gill spinner to nahi hai 😂 @gujarattitans,https://www.youtube.com/shorts/o1CAMrCs1CE,o1CAMrCs1CE,,4800,0,Cricket Coverage & Commentary,Independent Fan Coverage,Short-form Cricket Content,Spin & Swing,No
YouTube,@spinandswing26,Short,Guess the Titans | Spin & Swing @gujarattitans,https://www.youtube.com/shorts/QpdG11sAQ08,QpdG11sAQ08,,4700,0,General Cricket Trivia Series,Creator Studio / Digital Production,Short-form Cricket Content,Spin & Swing,No
YouTube,@spinandswing26,Short,Tumhe kya lagta hai ??,https://www.youtube.com/shorts/z3THZ3M7lss,z3THZ3M7lss,,4600,0,IPL 2026,Independent Fan Coverage,Short-form Cricket Content,Gujarat Titans (GT),No
YouTube,@spinandswing26,Short,Silence Says It All !!,https://www.youtube.com/shorts/viCO0YX9Ngk,viCO0YX9Ngk,,4600,0,Cricket Coverage & Commentary,Independent Fan Coverage,Short-form Cricket Content,Spin & Swing,No
YouTube,@spinandswing26,Short,Cute Gujarat fan 🎀💗,https://www.youtube.com/shorts/7lNO_SZcY9Q,7lNO_SZcY9Q,,4600,0,Cricket Coverage & Commentary,Independent Fan Coverage,Fan Vox Pop & Stadium Reaction,Spin & Swing,No
YouTube,@spinandswing26,Short,Dhoni hai toh he CSK hai ?,https://www.youtube.com/shorts/NjDFAxhMgmU,NjDFAxhMgmU,,4500,0,IPL 2026,Independent Fan Coverage,Short-form Cricket Content,Chennai Super Kings (CSK),No
YouTube,@spinandswing26,Short,Guess the Squad of WPL– Pt 2,https://www.youtube.com/shorts/5b55A8ZYC2Y,5b55A8ZYC2Y,,4500,0,WPL 2026,Creator Studio / Digital Production,Cricket Trivia & Squad Quiz,Spin & Swing,No
YouTube,@spinandswing26,Short,Answer batao aur Jeet jao !! | Spin & Swing,https://www.youtube.com/shorts/QWOXr4gs__E,QWOXr4gs__E,,4500,0,Cricket Coverage & Commentary,Independent Fan Coverage,Short-form Cricket Content,Spin & Swing,No
YouTube,@spinandswing26,Short,Kar diya humne Silent 🤫 @gujarattitans,https://www.youtube.com/shorts/Z5lSEUF718w,Z5lSEUF718w,,4500,0,Cricket Coverage & Commentary,Independent Fan Coverage,Short-form Cricket Content,Spin & Swing,No
YouTube,@spinandswing26,Short,2013 me 32 wickets kisne liya tha ?,https://www.youtube.com/shorts/tABSNX6f-yc,tABSNX6f-yc,,4500,0,Cricket Coverage & Commentary,Independent Fan Coverage,Short-form Cricket Content,Spin & Swing,No
YouTube,@spinandswing26,Short,Was this Ms Dhoni Last season ?,https://www.youtube.com/shorts/8owmOJFqRT0,8owmOJFqRT0,,4400,0,Cricket Coverage & Commentary,Independent Fan Coverage,Short-form Cricket Content,Spin & Swing,No
YouTube,@spinandswing26,Short,Guess the Squad of RCB – Pt 5,https://www.youtube.com/shorts/FoJhoRAN0v4,FoJhoRAN0v4,,4400,0,IPL 2026,Creator Studio / Digital Production,Cricket Trivia & Squad Quiz,Royal Challengers Bengaluru (RCB),No
YouTube,@spinandswing26,Short,IPL me badhiya Player kon hai ??,https://www.youtube.com/shorts/F7iLsao4r98,F7iLsao4r98,,4300,0,IPL 2026,Independent Fan Coverage,Short-form Cricket Content,Spin & Swing,No
YouTube,@spinandswing26,Short,Turant he bata diya - Guess the player,https://www.youtube.com/shorts/lWBO-KV3R_Q,lWBO-KV3R_Q,,4300,0,General Cricket Trivia Series,Creator Studio / Digital Production,Cricket Trivia & Player Guessing,Spin & Swing,No
YouTube,@spinandswing26,Short,Do you support Csk because of Ms Dhoni !!,https://www.youtube.com/shorts/WtH84o43jQ0,WtH84o43jQ0,,4200,0,IPL 2026,Independent Fan Coverage,Short-form Cricket Content,Chennai Super Kings (CSK),No
YouTube,@spinandswing26,Short,Virat fans are crazy !!,https://www.youtube.com/shorts/-yIX-iDLMrc,-yIX-iDLMrc,,4200,0,Cricket Coverage & Commentary,Independent Fan Coverage,Fan Vox Pop & Stadium Reaction,Spin & Swing,No
YouTube,@spinandswing26,Short,When did Virat Kohli leave test captaincy ?,https://www.youtube.com/shorts/CKjpMRYXulc,CKjpMRYXulc,,4200,0,Cricket Coverage & Commentary,Independent Fan Coverage,Short-form Cricket Content,Spin & Swing,No
YouTube,@spinandswing26,Short,Money follows Wicket brother,https://www.youtube.com/shorts/BssY8be-O18,BssY8be-O18,,4100,0,Cricket Coverage & Commentary,Independent Fan Coverage,Short-form Cricket Content,Spin & Swing,No
YouTube,@spinandswing26,Short,Guess the Squad of RCB – Pt 2,https://www.youtube.com/shorts/47Ou6h4WqTw,47Ou6h4WqTw,,4100,0,IPL 2026,Creator Studio / Digital Production,Cricket Trivia & Squad Quiz,Royal Challengers Bengaluru (RCB),No
YouTube,@spinandswing26,Short,India Ki Squad vs WI - Pt 2,https://www.youtube.com/shorts/uO_DrhZhYpI,uO_DrhZhYpI,,4100,0,General Cricket Trivia Series,Creator Studio / Digital Production,Cricket Trivia & Squad Quiz,Spin & Swing,No
YouTube,@spinandswing26,Short,DSP ne idhar bhi game change kar diya | Spin & Swing,https://www.youtube.com/shorts/vuuLVf8xivA,vuuLVf8xivA,,4000,0,Cricket Coverage & Commentary,Independent Fan Coverage,Short-form Cricket Content,Spin & Swing,No
YouTube,@spinandswing26,Short,Finally 85th One ❤️🥹,https://www.youtube.com/shorts/G9JqxnQeiwk,G9JqxnQeiwk,,3900,0,Cricket Coverage & Commentary,Independent Fan Coverage,Short-form Cricket Content,Spin & Swing,No
YouTube,@spinandswing26,Short,CSK VS SRH ROAST | IPL 2024,https://www.youtube.com/shorts/cz5PB6KAuKQ,cz5PB6KAuKQ,,3900,0,IPL 2026,Independent Fan Coverage,Short-form Cricket Content,"Sunrisers Hyderabad (SRH), Chennai Super Kings (CSK)",No
YouTube,@spinandswing26,Video,REVENGE COMPLETED | GT VS CSK - VLOG 35,https://www.youtube.com/watch?v=bdFNTrq5f1s,bdFNTrq5f1s,,3800,0,IPL 2026,Independent Fan Coverage,Behind The Scenes / Vlog,"Gujarat Titans (GT), Chennai Super Kings (CSK)",No
YouTube,@spinandswing26,Short,Playing 11 of Csk #chennaisuperkings #ipl2026,https://www.youtube.com/shorts/0X5JezxPVRk,0X5JezxPVRk,,3800,0,IPL 2026,Independent Fan Coverage,Short-form Cricket Content,Chennai Super Kings (CSK),No
YouTube,@spinandswing26,Short,We Support Women's Cricket !!,https://www.youtube.com/shorts/l2lq9nxWsa8,l2lq9nxWsa8,,3800,0,WPL 2026,Independent Fan Coverage,Short-form Cricket Content,Spin & Swing,No
YouTube,@spinandswing26,Short,India ne West Indies ko kab haraya ?,https://www.youtube.com/shorts/VpT2i4jatZs,VpT2i4jatZs,,3800,0,Cricket Coverage & Commentary,Independent Fan Coverage,Short-form Cricket Content,Spin & Swing,No
YouTube,@spinandswing26,Short,Wah bacche Wah ! | Spin & Swing,https://www.youtube.com/shorts/1OQzLVtCIUk,1OQzLVtCIUk,,3800,0,Cricket Coverage & Commentary,Independent Fan Coverage,Short-form Cricket Content,Spin & Swing,No
YouTube,@spinandswing26,Short,Australia Players bhut hai,https://www.youtube.com/shorts/jmUCXiRGowM,jmUCXiRGowM,,3800,0,General Cricket Trivia Series,Independent Fan Coverage,Short-form Cricket Content,Spin & Swing,No
YouTube,@spinandswing26,Short,Man in love is pookie 🎀,https://www.youtube.com/shorts/PX2Te1jZNLA,PX2Te1jZNLA,,3700,0,Cricket Coverage & Commentary,Independent Fan Coverage,Short-form Cricket Content,Spin & Swing,No
YouTube,@spinandswing26,Short,Ab kuch bol nahi rahe 😂,https://www.youtube.com/shorts/SfkM2Uc24Lc,SfkM2Uc24Lc,,3700,0,Cricket Coverage & Commentary,Independent Fan Coverage,Short-form Cricket Content,Spin & Swing,No
YouTube,@spinandswing26,Short,Virat Kohli Runs in IPL,https://www.youtube.com/shorts/Jv3NlVZS4bc,Jv3NlVZS4bc,,3700,0,IPL 2026,Independent Fan Coverage,Short-form Cricket Content,Spin & Swing,No
YouTube,@spinandswing26,Short,Mumbai ka Player hai | Guess the player #guesstheplayer #cricket,https://www.youtube.com/shorts/1bk71RMLbGI,1bk71RMLbGI,,3700,0,General Cricket Trivia Series,Creator Studio / Digital Production,Cricket Trivia & Player Guessing,Spin & Swing,No
Instagram,@abhishekpandey_26,Reel,Reel (Dc22vfxBgVH),https://www.instagram.com/reel/Dc22vfxBgVH/,Dc22vfxBgVH,2026,3678,3,Cricket Coverage & Commentary,Independent Fan Coverage,Short-form Cricket Content,Abhishek Unseen,No
YouTube,@spinandswing26,Video,BACK TO BACK 5 WIN | SRH VS GT - VLOG - 34 ,https://www.youtube.com/watch?v=n4ipGdkTAXM,n4ipGdkTAXM,,3600,0,IPL 2026,Independent Fan Coverage,Behind The Scenes / Vlog,"Gujarat Titans (GT), Sunrisers Hyderabad (SRH)",No
YouTube,@spinandswing26,Short,When you use your 100% Brain !!,https://www.youtube.com/shorts/iqxPaiIg9ps,iqxPaiIg9ps,,3600,0,Cricket Coverage & Commentary,Independent Fan Coverage,Short-form Cricket Content,Spin & Swing,No
YouTube,@spinandswing26,Short,Ye hai cricket fan 😂😭,https://www.youtube.com/shorts/roIC_pVtVIQ,roIC_pVtVIQ,,3600,0,Cricket Coverage & Commentary,Independent Fan Coverage,Fan Vox Pop & Stadium Reaction,Spin & Swing,No
YouTube,@spinandswing26,Short,Move on nahi ho raha Virat bhai 💔😔,https://www.youtube.com/shorts/_cYOjVzhdew,_cYOjVzhdew,,3600,0,Cricket Coverage & Commentary,Independent Fan Coverage,Short-form Cricket Content,Spin & Swing,No
YouTube,@spinandswing26,Short,Silent kar diya jo 28 March bol rahe the,https://www.youtube.com/shorts/dD4vyaSRCb8,dD4vyaSRCb8,,3600,0,Cricket Coverage & Commentary,Independent Fan Coverage,Short-form Cricket Content,Spin & Swing,No
YouTube,@spinandswing26,Short,Playing 11 of RCB #rcb #ipl2026,https://www.youtube.com/shorts/wOiaynp0XkM,wOiaynp0XkM,,3500,0,IPL 2026,Independent Fan Coverage,Short-form Cricket Content,Royal Challengers Bengaluru (RCB),No
YouTube,@spinandswing26,Short,Guess the Squad of RCB – Pt 6,https://www.youtube.com/shorts/DloTbJvDHHQ,DloTbJvDHHQ,,3500,0,IPL 2026,Creator Studio / Digital Production,Cricket Trivia & Squad Quiz,Royal Challengers Bengaluru (RCB),No
YouTube,@spinandswing26,Short,Guess the Squad of Gujarat Giants – Pt 2,https://www.youtube.com/shorts/ieJJfUuMS4E,ieJJfUuMS4E,,3500,0,General Cricket Trivia Series,Creator Studio / Digital Production,Cricket Trivia & Squad Quiz,Spin & Swing,No
YouTube,@spinandswing26,Short,Guess the squad Pt-1,https://www.youtube.com/shorts/-5dFlTNG5DI,-5dFlTNG5DI,,3500,0,General Cricket Trivia Series,Creator Studio / Digital Production,Cricket Trivia & Squad Quiz,Spin & Swing,No
YouTube,@spinandswing26,Short,Gujarat ka opener tha !,https://www.youtube.com/shorts/AnPtHjO_HIs,AnPtHjO_HIs,,3500,0,Cricket Coverage & Commentary,Independent Fan Coverage,Short-form Cricket Content,Spin & Swing,No
YouTube,@spinandswing26,Short,Ee sala cup namdu 🏆 #iplfinal2025 #rcb #eesalacupnamdu,https://www.youtube.com/shorts/KamPjXclOgk,KamPjXclOgk,,3500,0,IPL 2026,Independent Fan Coverage,Short-form Cricket Content,Royal Challengers Bengaluru (RCB),No
YouTube,@spinandswing26,Short,Australia ka best batsman hai,https://www.youtube.com/shorts/FEcUlRHJBkk,FEcUlRHJBkk,,3500,0,Cricket Coverage & Commentary,Independent Fan Coverage,Short-form Cricket Content,Spin & Swing,No
Instagram,@spinandswing26,Reel,Reel (Dcs6ZXnoi26),https://www.instagram.com/reel/Dcs6ZXnoi26/,Dcs6ZXnoi26,2026,3423,3,Cricket Coverage & Commentary,Independent Fan Coverage,Short-form Cricket Content,Spin & Swing,No
YouTube,@spinandswing26,Short,Guess the Squad of RCB – Pt 8,https://www.youtube.com/shorts/pvEDr6yhLHw,pvEDr6yhLHw,,3400,0,IPL 2026,Creator Studio / Digital Production,Cricket Trivia & Squad Quiz,Royal Challengers Bengaluru (RCB),No
YouTube,@spinandswing26,Short,Name five basketball Players !!,https://www.youtube.com/shorts/7nADlLZQwB8,7nADlLZQwB8,,3400,0,General Cricket Trivia Series,Independent Fan Coverage,Short-form Cricket Content,Spin & Swing,No
YouTube,@spinandswing26,Short,Ye toh sbse easy tha ye 🤦,https://www.youtube.com/shorts/DFGw1x92JtQ,DFGw1x92JtQ,,3400,0,Cricket Coverage & Commentary,Independent Fan Coverage,Short-form Cricket Content,Spin & Swing,No
Instagram,@abhishekpandey_26,Reel,Reel (Dc1_HiIBdSg),https://www.instagram.com/reel/Dc1_HiIBdSg/,Dc1_HiIBdSg,2026,3315,3,Cricket Coverage & Commentary,Independent Fan Coverage,Short-form Cricket Content,Abhishek Unseen,No
YouTube,@spinandswing26,Short,Do you follow women's cricket ?,https://www.youtube.com/shorts/IJa0iQUDb3o,IJa0iQUDb3o,,3300,0,WPL 2026,Independent Fan Coverage,Short-form Cricket Content,Spin & Swing,No
YouTube,@spinandswing26,Short,We support the fight against cancer !! 🩷🎗️,https://www.youtube.com/shorts/FptB3jf7wkE,FptB3jf7wkE,,3300,0,Cricket Coverage & Commentary,Independent Fan Coverage,Short-form Cricket Content,Spin & Swing,No
YouTube,@spinandswing26,Video,INDIA VS NEW ZEALAND VLOG - 20,https://www.youtube.com/watch?v=dBbJl_qxqFo,dBbJl_qxqFo,,3200,0,Creator Journey & Vlogs (Abhishek Unseen),Independent Fan Coverage,Behind The Scenes / Vlog,Spin & Swing,No
YouTube,@spinandswing26,Short,Best Decision of my life 🏆❤️,https://www.youtube.com/shorts/S7Lfy9IlJiQ,S7Lfy9IlJiQ,,3200,0,Cricket Coverage & Commentary,Independent Fan Coverage,Short-form Cricket Content,Spin & Swing,No
YouTube,@spinandswing26,Short,Guess the Squad of RCB – Pt 10,https://www.youtube.com/shorts/MsU7RlKvqOU,MsU7RlKvqOU,,3200,0,IPL 2026,Creator Studio / Digital Production,Cricket Trivia & Squad Quiz,Royal Challengers Bengaluru (RCB),No
YouTube,@spinandswing26,Short,Rcb final tak aayegi ?,https://www.youtube.com/shorts/aAXxACh5rOo,aAXxACh5rOo,,3100,0,IPL 2026,Independent Fan Coverage,Short-form Cricket Content,Royal Challengers Bengaluru (RCB),No
YouTube,@spinandswing26,Short,Guess the Squad of GG – Pt 3,https://www.youtube.com/shorts/EPlPMqFG74E,EPlPMqFG74E,,3100,0,General Cricket Trivia Series,Creator Studio / Digital Production,Cricket Trivia & Squad Quiz,Spin & Swing,No
YouTube,@spinandswing26,Short,Guess the Squad of Gujarat Giants,https://www.youtube.com/shorts/mLTPM6rX7oU,mLTPM6rX7oU,,3100,0,General Cricket Trivia Series,Creator Studio / Digital Production,Cricket Trivia & Squad Quiz,Spin & Swing,No
YouTube,@spinandswing26,Short,What is the full form of BCCI ?,https://www.youtube.com/shorts/Mnhuumpd7_4,Mnhuumpd7_4,,3100,0,Cricket Coverage & Commentary,Independent Fan Coverage,Short-form Cricket Content,Spin & Swing,No
YouTube,@spinandswing26,Short,Guess the Titans ?,https://www.youtube.com/shorts/2QCaqC7W2Zs,2QCaqC7W2Zs,,3100,0,General Cricket Trivia Series,Creator Studio / Digital Production,Short-form Cricket Content,Spin & Swing,No
YouTube,@spinandswing26,Short,Ye to kafi easy tha !! | Guess the Cricketer Challenge,https://www.youtube.com/shorts/MYxIZhWsEP4,MYxIZhWsEP4,,3100,0,General Cricket Trivia Series,Creator Studio / Digital Production,Short-form Cricket Content,Spin & Swing,No
YouTube,@spinandswing26,Short,Stylish player in New Delhi tiger !,https://www.youtube.com/shorts/OPHjPD0CzzA,OPHjPD0CzzA,,3000,0,General Cricket Trivia Series,Independent Fan Coverage,Short-form Cricket Content,Spin & Swing,No
YouTube,@spinandswing26,Short,Guess the Squad of T20 World Cup – Pt 4,https://www.youtube.com/shorts/DE-yk03qOEc,DE-yk03qOEc,,3000,0,ICC Men's T20 World Cup 2026,Creator Studio / Digital Production,Cricket Trivia & Squad Quiz,Spin & Swing,No
YouTube,@spinandswing26,Short,Guess the Squad of RCB – Pt 4,https://www.youtube.com/shorts/07aPEMhtKVc,07aPEMhtKVc,,3000,0,IPL 2026,Creator Studio / Digital Production,Cricket Trivia & Squad Quiz,Royal Challengers Bengaluru (RCB),No
YouTube,@spinandswing26,Short,Respect for BCCI +++++,https://www.youtube.com/shorts/qiMRKzEDyoo,qiMRKzEDyoo,,3000,0,Cricket Coverage & Commentary,Independent Fan Coverage,Short-form Cricket Content,Spin & Swing,No
YouTube,@spinandswing26,Short,Sarfaraz Khan Sold to Csk,https://www.youtube.com/shorts/Iti-6KAs19I,Iti-6KAs19I,,3000,0,IPL 2026,Independent Fan Coverage,Short-form Cricket Content,Chennai Super Kings (CSK),No
YouTube,@spinandswing26,Short,Father vs Son | GT vs MI,https://www.youtube.com/shorts/y-4MrRfA7kg,y-4MrRfA7kg,,3000,0,IPL 2026,Independent Fan Coverage,Short-form Cricket Content,"Gujarat Titans (GT), Mumbai Indians (MI)",No
YouTube,@spinandswing26,Short,Hardik Kaisa khelega Gujarat ke liye ?,https://www.youtube.com/shorts/94DSe7c5sGc,94DSe7c5sGc,,2900,0,Cricket Coverage & Commentary,Independent Fan Coverage,Short-form Cricket Content,Spin & Swing,No
YouTube,@spinandswing26,Short,India vs New Zealand Final - Pt 4,https://www.youtube.com/shorts/FZvwlCJ6Hqo,FZvwlCJ6Hqo,,2900,0,Cricket Coverage & Commentary,Independent Fan Coverage,Short-form Cricket Content,Spin & Swing,No
YouTube,@spinandswing26,Short,India vs Nambia Match Review !!,https://www.youtube.com/shorts/DbWsbFUjH38,DbWsbFUjH38,,2900,0,Cricket Coverage & Commentary,Independent Fan Coverage,Match Analysis & Tactics,Spin & Swing,No
YouTube,@spinandswing26,Short,Which team did India Defeat in the final ?,https://www.youtube.com/shorts/afNK101WBtg,afNK101WBtg,,2900,0,Cricket Coverage & Commentary,Independent Fan Coverage,Short-form Cricket Content,Spin & Swing,No
YouTube,@spinandswing26,Video,GT VS SRH - IPL 2025 | VLOG 11 | SPIN & SWING,https://www.youtube.com/watch?v=F7vEuds_WXk,F7vEuds_WXk,,2800,0,IPL 2026,Independent Fan Coverage,Behind The Scenes / Vlog,"Gujarat Titans (GT), Sunrisers Hyderabad (SRH)",No
YouTube,@spinandswing26,Short,Bumrah fan confirmed ✅,https://www.youtube.com/shorts/VlRKl171VDQ,VlRKl171VDQ,,2800,0,Cricket Coverage & Commentary,Independent Fan Coverage,Fan Vox Pop & Stadium Reaction,Spin & Swing,No
YouTube,@spinandswing26,Short,Left handed batsman hai,https://www.youtube.com/shorts/zdM_CF4YhDo,zdM_CF4YhDo,,2800,0,Cricket Coverage & Commentary,Independent Fan Coverage,Short-form Cricket Content,Spin & Swing,No
YouTube,@spinandswing26,Short,Controversial final in Cricket history,https://www.youtube.com/shorts/jLSkZ19-Few,jLSkZ19-Few,,2800,0,Cricket Coverage & Commentary,Independent Fan Coverage,Short-form Cricket Content,Spin & Swing,No
YouTube,@spinandswing26,Video,Rcb thrilling Win against Lsg | Q1 Confirmed | Rcb vs Lsg - IPL 2025 | Spin & Swing,https://www.youtube.com/watch?v=WFWt2r4aSFg,WFWt2r4aSFg,,2700,0,IPL 2026,Independent Fan Coverage,Short-form Cricket Content,Royal Challengers Bengaluru (RCB),No
YouTube,@spinandswing26,Short,Episode 3 : Story Behind the Post ft - Himmat Singh,https://www.youtube.com/shorts/MrPz1ou6WFg,MrPz1ou6WFg,,2700,0,Cricket Coverage & Commentary,Independent Fan Coverage,Story Behind the Post (Player Interview),Himmat Singh,No
YouTube,@spinandswing26,Short,Pehle he bola tha Maine !!,https://www.youtube.com/shorts/pA88IDLOSVQ,pA88IDLOSVQ,,2700,0,Cricket Coverage & Commentary,Independent Fan Coverage,Short-form Cricket Content,Spin & Swing,No
YouTube,@spinandswing26,Short,Hum match kaha par haare ?,https://www.youtube.com/shorts/zxgeLNsURUM,zxgeLNsURUM,,2700,0,Cricket Coverage & Commentary,Independent Fan Coverage,Match Analysis & Tactics,Spin & Swing,No
YouTube,@spinandswing26,Short,Playing 11 of SRH #sunrisershyderabad #ipl2026,https://www.youtube.com/shorts/EjLt6MPcjjA,EjLt6MPcjjA,,2700,0,IPL 2026,Independent Fan Coverage,Short-form Cricket Content,Sunrisers Hyderabad (SRH),No
YouTube,@spinandswing26,Short,Guess the Squad of RCB – Pt 7,https://www.youtube.com/shorts/vIwscro_0oI,vIwscro_0oI,,2700,0,IPL 2026,Creator Studio / Digital Production,Cricket Trivia & Squad Quiz,Royal Challengers Bengaluru (RCB),No
YouTube,@spinandswing26,Short,Why do Mi fans Hate GT ??,https://www.youtube.com/shorts/TkfXfskhL6o,TkfXfskhL6o,,2600,0,IPL 2026,Independent Fan Coverage,Fan Vox Pop & Stadium Reaction,"Gujarat Titans (GT), Mumbai Indians (MI)",No
YouTube,@spinandswing26,Short,Kon jeetega Pune ki Gujarat ?,https://www.youtube.com/shorts/PtM7I-wHwKY,PtM7I-wHwKY,,2600,0,Cricket Coverage & Commentary,Independent Fan Coverage,Short-form Cricket Content,Spin & Swing,No
YouTube,@spinandswing26,Short,Playing 11 of Delhi Capitals #delhicapitals #ipl2026,https://www.youtube.com/shorts/A1RMZMoPsUo,A1RMZMoPsUo,,2600,0,IPL 2026,Independent Fan Coverage,Short-form Cricket Content,Spin & Swing,No
YouTube,@spinandswing26,Short,bhullaaaa 😂😂,https://www.youtube.com/shorts/4pHL3XkQScQ,4pHL3XkQScQ,,2600,0,Cricket Coverage & Commentary,Independent Fan Coverage,Short-form Cricket Content,Spin & Swing,No
YouTube,@spinandswing26,Short,Guess the Squad of UW !!,https://www.youtube.com/shorts/1Z3uWpgi1kw,1Z3uWpgi1kw,,2600,0,General Cricket Trivia Series,Creator Studio / Digital Production,Cricket Trivia & Squad Quiz,Spin & Swing,No
YouTube,@spinandswing26,Short,What is RCB Slogan ??,https://www.youtube.com/shorts/iZKPXpS7xfE,iZKPXpS7xfE,,2600,0,IPL 2026,Independent Fan Coverage,Short-form Cricket Content,Royal Challengers Bengaluru (RCB),No
YouTube,@spinandswing26,Short,What is the full form of GG ?,https://www.youtube.com/shorts/aZBiZxhHXBA,aZBiZxhHXBA,,2600,0,Cricket Coverage & Commentary,Independent Fan Coverage,Short-form Cricket Content,Spin & Swing,No
YouTube,@spinandswing26,Short,3 Matches 3 Centuries ? #vijayhazare #viratkohli,https://www.youtube.com/shorts/DBRYFkkBJuk,DBRYFkkBJuk,,2600,0,Cricket Coverage & Commentary,Independent Fan Coverage,Match Analysis & Tactics,Spin & Swing,No
YouTube,@spinandswing26,Short,Aise end nahi chahiye tha 💔,https://www.youtube.com/shorts/RvErJWGqIIQ,RvErJWGqIIQ,,2500,0,Cricket Coverage & Commentary,Independent Fan Coverage,Short-form Cricket Content,Spin & Swing,No
YouTube,@spinandswing26,Short,Retire abhi thodi hua hai,https://www.youtube.com/shorts/YTZKAT_6VEs,YTZKAT_6VEs,,2500,0,Cricket Coverage & Commentary,Independent Fan Coverage,Short-form Cricket Content,Spin & Swing,No
YouTube,@spinandswing26,Short,Which teams are playing today ?,https://www.youtube.com/shorts/oBxuyRJ1Qgo,oBxuyRJ1Qgo,,2400,0,Cricket Coverage & Commentary,Independent Fan Coverage,Short-form Cricket Content,Spin & Swing,No
YouTube,@spinandswing26,Short,Guess the Squad of T20 World Cup - Pt 12,https://www.youtube.com/shorts/RxZSiFEekxo,RxZSiFEekxo,,2400,0,ICC Men's T20 World Cup 2026,Creator Studio / Digital Production,Cricket Trivia & Squad Quiz,Spin & Swing,No
YouTube,@spinandswing26,Short,Guess the Squad of RCB – Pt 12,https://www.youtube.com/shorts/8nF8EImI4Z8,8nF8EImI4Z8,,2400,0,IPL 2026,Creator Studio / Digital Production,Cricket Trivia & Squad Quiz,Royal Challengers Bengaluru (RCB),No
YouTube,@spinandswing26,Short,Guess the Squad of MI,https://www.youtube.com/shorts/Us7aZE3DZjA,Us7aZE3DZjA,,2400,0,IPL 2026,Creator Studio / Digital Production,Cricket Trivia & Squad Quiz,Mumbai Indians (MI),No
YouTube,@spinandswing26,Short,T20 World Cup khela hai,https://www.youtube.com/shorts/6AvL9RqdE9c,6AvL9RqdE9c,,2400,0,ICC Men's T20 World Cup 2026,Independent Fan Coverage,Short-form Cricket Content,Spin & Swing,No
YouTube,@spinandswing26,Short,Top 5 Batsman According to Current Icc Ranking,https://www.youtube.com/shorts/Zfm893QCr9s,Zfm893QCr9s,,2400,0,Cricket Coverage & Commentary,Independent Fan Coverage,Short-form Cricket Content,Spin & Swing,No
YouTube,@spinandswing26,Short,Why do you support West Delhi ?,https://www.youtube.com/shorts/wSglYgpy8og,wSglYgpy8og,,2300,0,Cricket Coverage & Commentary,Independent Fan Coverage,Short-form Cricket Content,Spin & Swing,No
YouTube,@spinandswing26,Short,Champions | Ind vs Nz Final,https://www.youtube.com/shorts/5JJ8cOH5JZQ,5JJ8cOH5JZQ,,2300,0,Cricket Coverage & Commentary,Independent Fan Coverage,Short-form Cricket Content,Spin & Swing,No
YouTube,@spinandswing26,Short,No one can beat Virat in Test - Pt 6,https://www.youtube.com/shorts/bTils83X1Uo,bTils83X1Uo,,2300,0,Cricket Coverage & Commentary,Independent Fan Coverage,Short-form Cricket Content,Spin & Swing,No
YouTube,@spinandswing26,Short,Points table ni top team che @gujarattitans,https://www.youtube.com/shorts/uIlqg33ug48,uIlqg33ug48,,2300,0,Cricket Coverage & Commentary,Independent Fan Coverage,Short-form Cricket Content,Spin & Swing,No
YouTube,@spinandswing26,Short,Ye player kis Ipl team me hai ? | Part 2,https://www.youtube.com/shorts/SMTfXSKJXbc,SMTfXSKJXbc,,2300,0,IPL 2026,Independent Fan Coverage,Short-form Cricket Content,Spin & Swing,No
YouTube,@spinandswing26,Short,Rawalpindi Express  | Guess the Cricketer,https://www.youtube.com/shorts/KOJYys6XHjU,KOJYys6XHjU,,2300,0,General Cricket Trivia Series,Creator Studio / Digital Production,Short-form Cricket Content,Spin & Swing,No
YouTube,@spinandswing26,Short,MI  vs RCB  | IPL 2024,https://www.youtube.com/shorts/y7F5_IzJEJA,y7F5_IzJEJA,,2300,0,IPL 2026,Independent Fan Coverage,Short-form Cricket Content,"Mumbai Indians (MI), Royal Challengers Bengaluru (RCB)",No
YouTube,@spinandswing26,Short,India vs New Zealand Final Pt 3,https://www.youtube.com/shorts/yIRxPz_JIPg,yIRxPz_JIPg,,2200,0,Cricket Coverage & Commentary,Independent Fan Coverage,Short-form Cricket Content,Spin & Swing,No
YouTube,@spinandswing26,Short,India vs New Zealand Final !!,https://www.youtube.com/shorts/niwkSuXcEao,niwkSuXcEao,,2200,0,Cricket Coverage & Commentary,Independent Fan Coverage,Short-form Cricket Content,Spin & Swing,No
YouTube,@spinandswing26,Short,Virat retirement from test Cricket 💔,https://www.youtube.com/shorts/JgPH8eCH0Jc,JgPH8eCH0Jc,,2200,0,Cricket Coverage & Commentary,Independent Fan Coverage,Short-form Cricket Content,Spin & Swing,No
YouTube,@spinandswing26,Short,Humara to win hi win hai,https://www.youtube.com/shorts/X_LXswrvsj4,X_LXswrvsj4,,2200,0,Cricket Coverage & Commentary,Independent Fan Coverage,Short-form Cricket Content,Spin & Swing,No
YouTube,@spinandswing26,Short,Dhurandhar 🔥❤️,https://www.youtube.com/shorts/CxKH9RwvMU8,CxKH9RwvMU8,,2100,0,Cricket Coverage & Commentary,Independent Fan Coverage,Short-form Cricket Content,Spin & Swing,No
YouTube,@spinandswing26,Short,Guess the Squad of Mumbai Indians !,https://www.youtube.com/shorts/6gUEN74HhGI,6gUEN74HhGI,,2100,0,IPL 2026,Creator Studio / Digital Production,Cricket Trivia & Squad Quiz,Mumbai Indians (MI),No
YouTube,@spinandswing26,Short,Delhi Capitals se pehle Delhi Devils tha #ipl2026 #delhicapitals,https://www.youtube.com/shorts/dyHs49hbWXw,dyHs49hbWXw,,2100,0,IPL 2026,Independent Fan Coverage,Short-form Cricket Content,Spin & Swing,No
YouTube,@spinandswing26,Short,Sorry Virat & Rohit bhai 😭😭,https://www.youtube.com/shorts/sVQal_h46tI,sVQal_h46tI,,2100,0,Cricket Coverage & Commentary,Independent Fan Coverage,Short-form Cricket Content,Spin & Swing,No
YouTube,@spinandswing26,Short,India vs West Indies Day 1,https://www.youtube.com/shorts/rnakGRquGVg,rnakGRquGVg,,2100,0,Cricket Coverage & Commentary,Independent Fan Coverage,Short-form Cricket Content,Spin & Swing,No
YouTube,@spinandswing26,Short,Bhai ko kaise bhul sakta hu !!,https://www.youtube.com/shorts/neUs5tgjMQ4,neUs5tgjMQ4,,2100,0,Cricket Coverage & Commentary,Independent Fan Coverage,Short-form Cricket Content,Spin & Swing,No
YouTube,@spinandswing26,Short,Gujarat Titans Fans Right Now 😔,https://www.youtube.com/shorts/zFFh7YTlnqA,zFFh7YTlnqA,,2100,0,IPL 2026,Independent Fan Coverage,Fan Vox Pop & Stadium Reaction,Gujarat Titans (GT),No
YouTube,@spinandswing26,Short,Virat Kohli vs Sachin Tendulkar,https://www.youtube.com/shorts/lU3A8aaZWPo,lU3A8aaZWPo,,2100,0,Cricket Coverage & Commentary,Independent Fan Coverage,Short-form Cricket Content,Spin & Swing,No
YouTube,@spinandswing26,Short,Top 5 batsman Who Scored Most Runs for India,https://www.youtube.com/shorts/Jq_S9pQCJXE,Jq_S9pQCJXE,,2100,0,Cricket Coverage & Commentary,Independent Fan Coverage,Short-form Cricket Content,Spin & Swing,No
YouTube,@spinandswing26,Video,INTO THE FINAL !! | GT VS RR QUALIFER 2 - VLOG 36 ,https://www.youtube.com/watch?v=V3mvydAKVq8,V3mvydAKVq8,,2000,0,IPL 2026,Independent Fan Coverage,Behind The Scenes / Vlog,Gujarat Titans (GT),No
YouTube,@spinandswing26,Short,Sorry Punjab es season nahi !!,https://www.youtube.com/shorts/63a_Eu1yaqY,63a_Eu1yaqY,,2000,0,Cricket Coverage & Commentary,Independent Fan Coverage,Short-form Cricket Content,Spin & Swing,No
YouTube,@spinandswing26,Short,Kya sabse jyada Disappoint Kiya ?,https://www.youtube.com/shorts/82SHddQMeqs,82SHddQMeqs,,2000,0,Cricket Coverage & Commentary,Independent Fan Coverage,Short-form Cricket Content,Spin & Swing,No
YouTube,@spinandswing26,Short,Playing 11 of GT #gujarattitans #ipl2026,https://www.youtube.com/shorts/im79XNtw5K8,im79XNtw5K8,,2000,0,IPL 2026,Independent Fan Coverage,Short-form Cricket Content,Gujarat Titans (GT),No
YouTube,@spinandswing26,Short,WPL kya hota hai ? #ipl2026,https://www.youtube.com/shorts/8Bsv9DDhIk0,8Bsv9DDhIk0,,2000,0,WPL 2026,Independent Fan Coverage,Short-form Cricket Content,Spin & Swing,No
YouTube,@spinandswing26,Short,Thank you South Africa 🇿🇦 ❤️,https://www.youtube.com/shorts/cc7cIkKEv5M,cc7cIkKEv5M,,2000,0,Cricket Coverage & Commentary,Independent Fan Coverage,Short-form Cricket Content,Spin & Swing,No
YouTube,@spinandswing26,Short,Shivam Dube vs Netherland !!,https://www.youtube.com/shorts/-juUrX8Kp1E,-juUrX8Kp1E,,2000,0,Cricket Coverage & Commentary,Independent Fan Coverage,Short-form Cricket Content,Spin & Swing,No
YouTube,@spinandswing26,Short,Kya hua tumhare 7-2 ka ?? 😂🇮🇳,https://www.youtube.com/shorts/f1ChYYtXAjo,f1ChYYtXAjo,,2000,0,Cricket Coverage & Commentary,Independent Fan Coverage,Short-form Cricket Content,Spin & Swing,No
YouTube,@spinandswing26,Short,India ke naak me dam kar diya hai,https://www.youtube.com/shorts/Oh3uYf4Yz6E,Oh3uYf4Yz6E,,2000,0,Cricket Coverage & Commentary,Independent Fan Coverage,Short-form Cricket Content,Spin & Swing,No
YouTube,@spinandswing26,Short,Dimaak me aaya he nahi | Guess the Cricketer,https://www.youtube.com/shorts/K5Jmnqd9J-E,K5Jmnqd9J-E,,2000,0,General Cricket Trivia Series,Creator Studio / Digital Production,Short-form Cricket Content,Spin & Swing,No
YouTube,@spinandswing26,Short,Markram ko nahi bata paya ! | Guess the Cricketer,https://www.youtube.com/shorts/NuUQv3SUoPc,NuUQv3SUoPc,,2000,0,General Cricket Trivia Series,Creator Studio / Digital Production,Short-form Cricket Content,Spin & Swing,No
YouTube,@spinandswing26,Short,Highest Runs Chased by teams In ODI,https://www.youtube.com/shorts/RSNVcuTzi-Y,RSNVcuTzi-Y,,2000,0,Cricket Coverage & Commentary,Independent Fan Coverage,Short-form Cricket Content,Spin & Swing,No
YouTube,@spinandswing26,Short,Top Five Runs Scorer In T20 Cricket,https://www.youtube.com/shorts/uEg9HRZ249w,uEg9HRZ249w,,2000,0,Cricket Coverage & Commentary,Independent Fan Coverage,Short-form Cricket Content,Spin & Swing,No
YouTube,@spinandswing26,Video,GT VS LSG MATCH DAY - VLOG 29,https://www.youtube.com/watch?v=NsbMQLOlFtU,NsbMQLOlFtU,,1900,0,IPL 2026,Independent Fan Coverage,Behind The Scenes / Vlog,Gujarat Titans (GT),No
YouTube,@spinandswing26,Short,What made you start following the DPL ?,https://www.youtube.com/shorts/2SIgeK78BTk,2SIgeK78BTk,,1900,0,DPL 2026 (Delhi Premier League),Independent Fan Coverage,Short-form Cricket Content,Spin & Swing,No
YouTube,@spinandswing26,Short,Which team are you supporting Today ?,https://www.youtube.com/shorts/ql40JCLccLs,ql40JCLccLs,,1900,0,Cricket Coverage & Commentary,Independent Fan Coverage,Short-form Cricket Content,Spin & Swing,No
YouTube,@spinandswing26,Short,Final Ticket = Gold,https://www.youtube.com/shorts/1ZP39DdM-nA,1ZP39DdM-nA,,1900,0,Cricket Coverage & Commentary,Independent Fan Coverage,Short-form Cricket Content,Spin & Swing,No
YouTube,@spinandswing26,Short,Guess the Squad of RCB – 11,https://www.youtube.com/shorts/x6vTHZWx2Us,x6vTHZWx2Us,,1900,0,IPL 2026,Creator Studio / Digital Production,Cricket Trivia & Squad Quiz,Royal Challengers Bengaluru (RCB),No
YouTube,@spinandswing26,Short,I have seen Ro-ko 🥹💗,https://www.youtube.com/shorts/5eqObNWDqJM,5eqObNWDqJM,,1900,0,Cricket Coverage & Commentary,Independent Fan Coverage,Short-form Cricket Content,Spin & Swing,No
YouTube,@spinandswing26,Short,Beating New Zealand in ODIs hits different,https://www.youtube.com/shorts/XUPIJYQBSrc,XUPIJYQBSrc,,1900,0,Cricket Coverage & Commentary,Independent Fan Coverage,Short-form Cricket Content,Spin & Swing,No
YouTube,@spinandswing26,Short,Khada Hu Aaj Bhi wahi 😔,https://www.youtube.com/shorts/8c8v_3tYtBk,8c8v_3tYtBk,,1900,0,Cricket Coverage & Commentary,Independent Fan Coverage,Short-form Cricket Content,Spin & Swing,No
YouTube,@spinandswing26,Short,Kitne match khele hai abhi tak ? Ind vs WI,https://www.youtube.com/shorts/Kyb8FqO63Cg,Kyb8FqO63Cg,,1900,0,Cricket Coverage & Commentary,Independent Fan Coverage,Match Analysis & Tactics,Spin & Swing,No
YouTube,@spinandswing26,Short,India Playing XI vs WI - Pt 5,https://www.youtube.com/shorts/r8n6f0dTYGc,r8n6f0dTYGc,,1900,0,Cricket Coverage & Commentary,Independent Fan Coverage,Short-form Cricket Content,Spin & Swing,No
YouTube,@spinandswing26,Short,Lockdown kid bol du isko ???,https://www.youtube.com/shorts/OPJFtiPYMBw,OPJFtiPYMBw,,1900,0,Cricket Coverage & Commentary,Independent Fan Coverage,Short-form Cricket Content,Spin & Swing,No
YouTube,@spinandswing26,Short,Koi na bhai hota hai ❤️,https://www.youtube.com/shorts/pylNskMB2YM,pylNskMB2YM,,1900,0,Cricket Coverage & Commentary,Independent Fan Coverage,Short-form Cricket Content,Spin & Swing,No
YouTube,@spinandswing26,Video,ZINTA’s TEAM WON KYA ? | GT VS PBKS - VLOG 33 ,https://www.youtube.com/watch?v=d6gcHd_NCLE,d6gcHd_NCLE,,1800,0,IPL 2026,Independent Fan Coverage,Behind The Scenes / Vlog,Gujarat Titans (GT),No
YouTube,@spinandswing26,Video,CRAZIEST EXPERIENCE OF IPL 2026 - RCB VS GT - VLOG 32,https://www.youtube.com/watch?v=XXu8umpchR8,XXu8umpchR8,,1800,0,IPL 2026,Independent Fan Coverage,Behind The Scenes / Vlog,"Gujarat Titans (GT), Royal Challengers Bengaluru (RCB)",No
YouTube,@spinandswing26,Short,Tumhe kya lagta hai ??,https://www.youtube.com/shorts/UHxAex3C994,UHxAex3C994,,1800,0,IPL 2026,Independent Fan Coverage,Short-form Cricket Content,Gujarat Titans (GT),No
YouTube,@spinandswing26,Short,Ab kya bolu mai ??,https://www.youtube.com/shorts/ACZSCyd7MvU,ACZSCyd7MvU,,1800,0,Cricket Coverage & Commentary,Independent Fan Coverage,Short-form Cricket Content,Spin & Swing,No
YouTube,@spinandswing26,Short,Guess the Squad of T20 World Cup – Pt 6,https://www.youtube.com/shorts/6sC7sLMk8fM,6sC7sLMk8fM,,1800,0,ICC Men's T20 World Cup 2026,Creator Studio / Digital Production,Cricket Trivia & Squad Quiz,Spin & Swing,No
YouTube,@spinandswing26,Short,Fans on Gautam Gambhir !!,https://www.youtube.com/shorts/5FlsxkNc-yI,5FlsxkNc-yI,,1800,0,Cricket Coverage & Commentary,Independent Fan Coverage,Fan Vox Pop & Stadium Reaction,Spin & Swing,No
YouTube,@spinandswing26,Short,When you both love Hardik,https://www.youtube.com/shorts/2Aki1TCsSyc,2Aki1TCsSyc,,1800,0,Cricket Coverage & Commentary,Independent Fan Coverage,Short-form Cricket Content,Spin & Swing,No
YouTube,@spinandswing26,Short,Csk jeetegi aaj ka match 🥹,https://www.youtube.com/shorts/d2vWkRBcsvs,d2vWkRBcsvs,,1800,0,IPL 2026,Independent Fan Coverage,Match Analysis & Tactics,Chennai Super Kings (CSK),No
YouTube,@spinandswing26,Short,Indian team me khel raha,https://www.youtube.com/shorts/GVZp53g_wQc,GVZp53g_wQc,,1800,0,Cricket Coverage & Commentary,Independent Fan Coverage,Short-form Cricket Content,Spin & Swing,No
YouTube,@spinandswing26,Short,Virat Kohli ke samne koi tik sakta hai kyaaaa,https://www.youtube.com/shorts/1XNwKyagYl4,1XNwKyagYl4,,1800,0,Cricket Coverage & Commentary,Independent Fan Coverage,Short-form Cricket Content,Spin & Swing,No
YouTube,@spinandswing26,Short,Which DPL team are you supporting this season ?,https://www.youtube.com/shorts/U9-qrBiJuEo,U9-qrBiJuEo,,1700,0,DPL 2026 (Delhi Premier League),Independent Fan Coverage,Short-form Cricket Content,Spin & Swing,No
YouTube,@spinandswing26,Short,Problems with GT Middle Order !,https://www.youtube.com/shorts/MaYsmmIOgZc,MaYsmmIOgZc,,1700,0,IPL 2026,Independent Fan Coverage,Short-form Cricket Content,"Gujarat Titans (GT), Mumbai Indians (MI)",No
YouTube,@spinandswing26,Short,Gt ab karegi comeback !!,https://www.youtube.com/shorts/D0r8ncbNweg,D0r8ncbNweg,,1700,0,IPL 2026,Independent Fan Coverage,Short-form Cricket Content,Gujarat Titans (GT),No
YouTube,@spinandswing26,Short,Back to back trophy 🏆🔥,https://www.youtube.com/shorts/0tXHUb3TpSE,0tXHUb3TpSE,,1700,0,Cricket Coverage & Commentary,Independent Fan Coverage,Short-form Cricket Content,Spin & Swing,No
YouTube,@spinandswing26,Short,We are World Champions 🇮🇳🏆,https://www.youtube.com/shorts/eHRqmgQ7LIE,eHRqmgQ7LIE,,1700,0,Cricket Coverage & Commentary,Independent Fan Coverage,Short-form Cricket Content,Spin & Swing,No
YouTube,@spinandswing26,Short,Ab kya hoga yrr 😭😭,https://www.youtube.com/shorts/NiFIHrsfiwk,NiFIHrsfiwk,,1700,0,Cricket Coverage & Commentary,Independent Fan Coverage,Short-form Cricket Content,Spin & Swing,No
YouTube,@spinandswing26,Short,Guess the Squad of T20 World Cup – Pt 11,https://www.youtube.com/shorts/MgfJsO_01f0,MgfJsO_01f0,,1700,0,ICC Men's T20 World Cup 2026,Creator Studio / Digital Production,Cricket Trivia & Squad Quiz,Spin & Swing,No
YouTube,@spinandswing26,Short,Pakistan Ka naam he maat lo !! | Ind vs Pak,https://www.youtube.com/shorts/K3SNZ3x73c0,K3SNZ3x73c0,,1700,0,ICC Men's T20 World Cup 2026,Independent Fan Coverage,Short-form Cricket Content,Spin & Swing,No
YouTube,@spinandswing26,Short,Guess the Squad of WPL – Pt 11,https://www.youtube.com/shorts/vxThv6gHt6Q,vxThv6gHt6Q,,1700,0,WPL 2026,Creator Studio / Digital Production,Cricket Trivia & Squad Quiz,Spin & Swing,No
YouTube,@spinandswing26,Short,It is Better than 16 - Virat Kohli,https://www.youtube.com/shorts/dkUau_8BP_g,dkUau_8BP_g,,1700,0,Cricket Coverage & Commentary,Independent Fan Coverage,Short-form Cricket Content,Spin & Swing,No
YouTube,@spinandswing26,Short,What a steal Dc 🔥🔥,https://www.youtube.com/shorts/-Oxhb0VwGGI,-Oxhb0VwGGI,,1700,0,Cricket Coverage & Commentary,Independent Fan Coverage,Short-form Cricket Content,Spin & Swing,No
YouTube,@spinandswing26,Short,Thanks Harshal Bhai 🥹💗,https://www.youtube.com/shorts/n0KYs2KyV9k,n0KYs2KyV9k,,1700,0,Cricket Coverage & Commentary,Independent Fan Coverage,Short-form Cricket Content,Spin & Swing,No
YouTube,@spinandswing26,Short,Inke age kitne hai ?,https://www.youtube.com/shorts/30rPO96y7Y4,30rPO96y7Y4,,1700,0,Cricket Coverage & Commentary,Independent Fan Coverage,Short-form Cricket Content,Spin & Swing,No
YouTube,@spinandswing26,Short,IPL ki Top 4 team,https://www.youtube.com/shorts/LYnki2CMfwY,LYnki2CMfwY,,1700,0,IPL 2026,Independent Fan Coverage,Short-form Cricket Content,Spin & Swing,No
YouTube,@spinandswing26,Short,Guess the Player | Spin & Swing,https://www.youtube.com/shorts/NlcH3D-0COE,NlcH3D-0COE,,1700,0,General Cricket Trivia Series,Creator Studio / Digital Production,Cricket Trivia & Player Guessing,Spin & Swing,No
YouTube,@spinandswing26,Short,India Ka opener hai,https://www.youtube.com/shorts/hECPDHmd9Z4,hECPDHmd9Z4,,1700,0,Cricket Coverage & Commentary,Independent Fan Coverage,Short-form Cricket Content,Spin & Swing,No
YouTube,@spinandswing26,Short,Episode 1 : Story Behind the Post ft - Navdeep Saini,https://www.youtube.com/shorts/trYcRaF-Un0,trYcRaF-Un0,,1600,0,Cricket Coverage & Commentary,Independent Fan Coverage,Story Behind the Post (Player Interview),Spin & Swing,No
YouTube,@spinandswing26,Short,Tumhe kya lagta hai ??,https://www.youtube.com/shorts/9aoUhdt5ByM,9aoUhdt5ByM,,1600,0,IPL 2026,Independent Fan Coverage,Short-form Cricket Content,Gujarat Titans (GT),No
YouTube,@spinandswing26,Short,Sanju ne badhiya khela 🔥,https://www.youtube.com/shorts/CQiCuQQFKRA,CQiCuQQFKRA,,1600,0,Cricket Coverage & Commentary,Independent Fan Coverage,Short-form Cricket Content,Sanju Samson,No
YouTube,@spinandswing26,Short,Shut up part time cricketer 🤫,https://www.youtube.com/shorts/l5LY34pWp54,l5LY34pWp54,,1600,0,Cricket Coverage & Commentary,Independent Fan Coverage,Short-form Cricket Content,Spin & Swing,No
YouTube,@spinandswing26,Short,Aaj ni match = PURE ENTERTAINMENT,https://www.youtube.com/shorts/7sx7ORgA078,7sx7ORgA078,,1600,0,Cricket Coverage & Commentary,Independent Fan Coverage,Match Analysis & Tactics,Spin & Swing,No
YouTube,@spinandswing26,Short,Cameron Green sold to Kkr,https://www.youtube.com/shorts/_cysNxQ_wDE,_cysNxQ_wDE,,1600,0,IPL 2026,Independent Fan Coverage,Short-form Cricket Content,Kolkata Knight Riders (KKR),No
YouTube,@spinandswing26,Short,Sab ke sab galat hai ?,https://www.youtube.com/shorts/PiObNIvGRS0,PiObNIvGRS0,,1600,0,Cricket Coverage & Commentary,Independent Fan Coverage,Short-form Cricket Content,Spin & Swing,No
YouTube,@spinandswing26,Short,India vs West Indies Squad -  Pt 1,https://www.youtube.com/shorts/md1ef6GfBno,md1ef6GfBno,,1600,0,General Cricket Trivia Series,Creator Studio / Digital Production,Cricket Trivia & Squad Quiz,Spin & Swing,No
YouTube,@spinandswing26,Short,Playing 11 In T20 World Cup 🇮🇳🏆,https://www.youtube.com/shorts/vo5HJtYEJaI,vo5HJtYEJaI,,1600,0,ICC Men's T20 World Cup 2026,Independent Fan Coverage,Short-form Cricket Content,Spin & Swing,No
YouTube,@spinandswing26,Video,THANK YOU SOUTH AFRICA !! | SA VS WI VLOG - 23,https://www.youtube.com/watch?v=qHRz4HneUV4,qHRz4HneUV4,,1500,0,Creator Journey & Vlogs (Abhishek Unseen),Independent Fan Coverage,Behind The Scenes / Vlog,Spin & Swing,No
YouTube,@spinandswing26,Video,MI vs GT VLOG | IPL 2025 | VLOG 7,https://www.youtube.com/watch?v=oh9yTbW63YQ,oh9yTbW63YQ,,1500,0,IPL 2026,Independent Fan Coverage,Behind The Scenes / Vlog,"Gujarat Titans (GT), Mumbai Indians (MI)",No
YouTube,@spinandswing26,Short,Episode 4 : Story Behind the Post ft - Anuj Rawat,https://www.youtube.com/shorts/Y0EZ7K0Axco,Y0EZ7K0Axco,,1500,0,Cricket Coverage & Commentary,Independent Fan Coverage,Story Behind the Post (Player Interview),Anuj Rawat,No
YouTube,@spinandswing26,Short,Which player comes to your mind ! Pt 2,https://www.youtube.com/shorts/Shn7mjBClkg,Shn7mjBClkg,,1500,0,IPL 2026,Independent Fan Coverage,Short-form Cricket Content,Mumbai Indians (MI),No
YouTube,@spinandswing26,Short,Four Six in a over Sarthak Ranjan 🔥🔥,https://www.youtube.com/shorts/bIuIOqZHerQ,bIuIOqZHerQ,,1500,0,Cricket Coverage & Commentary,Independent Fan Coverage,Short-form Cricket Content,Spin & Swing,No
YouTube,@spinandswing26,Short,Central Delhi vs Purani Dilli - DPL,https://www.youtube.com/shorts/N5KpesOhco4,N5KpesOhco4,,1500,0,DPL 2026 (Delhi Premier League),Independent Fan Coverage,Short-form Cricket Content,"Purani Dilli, Central Delhi Kings",No
YouTube,@spinandswing26,Short,Do you think Gujarat can ?,https://www.youtube.com/shorts/HIqIW6xS-YE,HIqIW6xS-YE,,1500,0,Cricket Coverage & Commentary,Independent Fan Coverage,Short-form Cricket Content,Spin & Swing,No
YouTube,@spinandswing26,Short,Playing 11 of RR #rajsthanroyal #ipl2026,https://www.youtube.com/shorts/8-h2_MhcraY,8-h2_MhcraY,,1500,0,IPL 2026,Independent Fan Coverage,Short-form Cricket Content,Spin & Swing,No
YouTube,@spinandswing26,Short,What is the name of our women's cricket teams Captain ?,https://www.youtube.com/shorts/1cj7Kn5Sc6A,1cj7Kn5Sc6A,,1500,0,WPL 2026,Independent Fan Coverage,Short-form Cricket Content,Spin & Swing,No
YouTube,@spinandswing26,Short,Rcbw fans vs Dcw Fans – WPL Pt 2,https://www.youtube.com/shorts/QoaPMPXX_z8,QoaPMPXX_z8,,1500,0,WPL 2026,Independent Fan Coverage,Fan Vox Pop & Stadium Reaction,Royal Challengers Bengaluru (RCB),No
YouTube,@spinandswing26,Short,Kitne hai winning streak?,https://www.youtube.com/shorts/0eul_KPv1yg,0eul_KPv1yg,,1500,0,Cricket Coverage & Commentary,Independent Fan Coverage,Short-form Cricket Content,Spin & Swing,No
YouTube,@spinandswing26,Short,Public Opinion on BGT | Part 1,https://www.youtube.com/shorts/0Ru2yciFzTs,0Ru2yciFzTs,,1500,0,IPL 2026,Independent Fan Coverage,Short-form Cricket Content,Gujarat Titans (GT),No
YouTube,@spinandswing26,Short,Sourav Ganguly vs Sunil Gavaskar,https://www.youtube.com/shorts/kzb3wPQ6QLk,kzb3wPQ6QLk,,1500,0,Cricket Coverage & Commentary,Independent Fan Coverage,Short-form Cricket Content,Spin & Swing,No
YouTube,@spinandswing26,Short,Abhishek Sharma socha he nhi | Guess the Cricketer,https://www.youtube.com/shorts/6WUcC1s9ZTM,6WUcC1s9ZTM,,1500,0,General Cricket Trivia Series,Creator Studio / Digital Production,Short-form Cricket Content,Spin & Swing,No
YouTube,@spinandswing26,Short,Happy birthday Prince 🤴🏻,https://www.youtube.com/shorts/hOjAz2ZS20g,hOjAz2ZS20g,,1400,0,Cricket Coverage & Commentary,Independent Fan Coverage,Short-form Cricket Content,Spin & Swing,No
YouTube,@spinandswing26,Short,Laxman Bhai Love Yorker !,https://www.youtube.com/shorts/4y61iNIBETc,4y61iNIBETc,,1400,0,Cricket Coverage & Commentary,Independent Fan Coverage,Short-form Cricket Content,Spin & Swing,No
YouTube,@spinandswing26,Short,W Stand for WIN ✅,https://www.youtube.com/shorts/tkdNvB8Rd00,tkdNvB8Rd00,,1400,0,Cricket Coverage & Commentary,Independent Fan Coverage,Short-form Cricket Content,Spin & Swing,No
YouTube,@spinandswing26,Short,Playing 11 of LSG #lsg #ipl2026,https://www.youtube.com/shorts/9EUdyEUjG-c,9EUdyEUjG-c,,1400,0,IPL 2026,Independent Fan Coverage,Short-form Cricket Content,Spin & Swing,No
YouTube,@spinandswing26,Short,Guess the Squad of T20 World Cup - Pt 22,https://www.youtube.com/shorts/_hBajJ_hd6c,_hBajJ_hd6c,,1400,0,ICC Men's T20 World Cup 2026,Creator Studio / Digital Production,Cricket Trivia & Squad Quiz,Spin & Swing,No
YouTube,@spinandswing26,Short,Guess the Squad of T20 World Cup - Pt 13,https://www.youtube.com/shorts/frfj6kyMJ_k,frfj6kyMJ_k,,1400,0,ICC Men's T20 World Cup 2026,Creator Studio / Digital Production,Cricket Trivia & Squad Quiz,Spin & Swing,No
YouTube,@spinandswing26,Short,Itne jaldi nhi out hona tha virat bhai,https://www.youtube.com/shorts/9SUORDNCxq8,9SUORDNCxq8,,1400,0,Cricket Coverage & Commentary,Independent Fan Coverage,Short-form Cricket Content,Spin & Swing,No
YouTube,@spinandswing26,Short,Thala for a reason 😭,https://www.youtube.com/shorts/ZQa9DFHN1gk,ZQa9DFHN1gk,,1400,0,Cricket Coverage & Commentary,Independent Fan Coverage,Short-form Cricket Content,Spin & Swing,No
YouTube,@spinandswing26,Short,What was the best part of today's match ?,https://www.youtube.com/shorts/9NLGCez8SWM,9NLGCez8SWM,,1400,0,Cricket Coverage & Commentary,Independent Fan Coverage,Match Analysis & Tactics,Spin & Swing,No
YouTube,@spinandswing26,Video,CAPTAIN KNOCK !! | GT vs KKR - VLOG 30 ,https://www.youtube.com/watch?v=LnJp0N0PCRI,LnJp0N0PCRI,,1300,0,IPL 2026,Independent Fan Coverage,Behind The Scenes / Vlog,"Gujarat Titans (GT), Kolkata Knight Riders (KKR)",No
YouTube,@spinandswing26,Video,BEST MATCH OF IPL 2026 | DC vs GT - IPL 2026 | VLOG 28 ,https://www.youtube.com/watch?v=-Zm0_Y99nDE,-Zm0_Y99nDE,,1300,0,IPL 2026,Independent Fan Coverage,Behind The Scenes / Vlog,Gujarat Titans (GT),No
YouTube,@spinandswing26,Short,Aaj ka match 20 Over ka tha !!,https://www.youtube.com/shorts/h3FO60oXNl4,h3FO60oXNl4,,1300,0,Cricket Coverage & Commentary,Independent Fan Coverage,Match Analysis & Tactics,Spin & Swing,No
YouTube,@spinandswing26,Short,BCCI meri ticket karwao,https://www.youtube.com/shorts/frBBW8D_dYM,frBBW8D_dYM,,1300,0,Cricket Coverage & Commentary,Independent Fan Coverage,Short-form Cricket Content,Spin & Swing,No
YouTube,@spinandswing26,Short,Pakistan Ko harana he haiii !!!,https://www.youtube.com/shorts/Bsisnf6Q2QE,Bsisnf6Q2QE,,1300,0,Cricket Coverage & Commentary,Independent Fan Coverage,Short-form Cricket Content,Spin & Swing,No
YouTube,@spinandswing26,Short,Lets goo India 🇮🇳 ❤️,https://www.youtube.com/shorts/xSM4bjTuxf0,xSM4bjTuxf0,,1300,0,Cricket Coverage & Commentary,Independent Fan Coverage,Short-form Cricket Content,Spin & Swing,No
YouTube,@spinandswing26,Short,Virat fans obsession with his 100 !! #vijayhazare #viratkohli,https://www.youtube.com/shorts/Hp9nABaKrD4,Hp9nABaKrD4,,1300,0,Cricket Coverage & Commentary,Independent Fan Coverage,Fan Vox Pop & Stadium Reaction,Spin & Swing,No
YouTube,@spinandswing26,Short,Virat 131 in Vijay Hazare Trophy,https://www.youtube.com/shorts/Q9o3anB-5-Q,Q9o3anB-5-Q,,1300,0,Cricket Coverage & Commentary,Independent Fan Coverage,Short-form Cricket Content,Spin & Swing,No
YouTube,@spinandswing26,Short,Rohit Sharma x IPL Trophy,https://www.youtube.com/shorts/_KhDuxsugVo,_KhDuxsugVo,,1300,0,IPL 2026,Independent Fan Coverage,Short-form Cricket Content,Spin & Swing,No
YouTube,@spinandswing26,Short,Why we lost 2019 Semi - Final,https://www.youtube.com/shorts/aiMXxQnTVJQ,aiMXxQnTVJQ,,1300,0,IPL 2026,Independent Fan Coverage,Short-form Cricket Content,Mumbai Indians (MI),No
YouTube,@spinandswing26,Short,This or that with Vansh bedi 😂❤️,https://www.youtube.com/shorts/uDGhdldEeJw,uDGhdldEeJw,,1200,0,Cricket Coverage & Commentary,Independent Fan Coverage,Short-form Cricket Content,Vansh Bedi,No
YouTube,@spinandswing26,Short,One song for Nitish rana !,https://www.youtube.com/shorts/FG0O23zwMBo,FG0O23zwMBo,,1200,0,Cricket Coverage & Commentary,Independent Fan Coverage,Short-form Cricket Content,Spin & Swing,No
YouTube,@spinandswing26,Short,Jason Holder ❎ Joson Holder ✅,https://www.youtube.com/shorts/rET2XCtvmyc,rET2XCtvmyc,,1200,0,Cricket Coverage & Commentary,Independent Fan Coverage,Short-form Cricket Content,Spin & Swing,No
YouTube,@spinandswing26,Short,History Repeat kar diya 🇮🇳 History defeat kar diya 🏆,https://www.youtube.com/shorts/nCxSoU4tFk8,nCxSoU4tFk8,,1200,0,Cricket Coverage & Commentary,Independent Fan Coverage,Short-form Cricket Content,Spin & Swing,No
YouTube,@spinandswing26,Short,Bumrah ke 4 Wickets 🔥🔥,https://www.youtube.com/shorts/p0mVq5zuOcA,p0mVq5zuOcA,,1200,0,Cricket Coverage & Commentary,Independent Fan Coverage,Short-form Cricket Content,Spin & Swing,No
YouTube,@spinandswing26,Short,Black me milta hai ticket,https://www.youtube.com/shorts/3dM-BRFyOsA,3dM-BRFyOsA,,1200,0,IPL 2026,Independent Fan Coverage,Short-form Cricket Content,Mumbai Indians (MI),No
YouTube,@spinandswing26,Short,There will be one change !!,https://www.youtube.com/shorts/ntjVtorlfWc,ntjVtorlfWc,,1200,0,Cricket Coverage & Commentary,Independent Fan Coverage,Short-form Cricket Content,Spin & Swing,No
YouTube,@spinandswing26,Short,Why she left Playing Cricket !!,https://www.youtube.com/shorts/Ix1blet3GcQ,Ix1blet3GcQ,,1200,0,Cricket Coverage & Commentary,Independent Fan Coverage,Short-form Cricket Content,Spin & Swing,No
YouTube,@spinandswing26,Short,Guess the Squad of RCB – Pt 13,https://www.youtube.com/shorts/LaABu9HooWo,LaABu9HooWo,,1200,0,IPL 2026,Creator Studio / Digital Production,Cricket Trivia & Squad Quiz,Royal Challengers Bengaluru (RCB),No
YouTube,@spinandswing26,Short,IPL Auction Hit or Flop ?,https://www.youtube.com/shorts/qy9YpyUPZwg,qy9YpyUPZwg,,1200,0,IPL 2026,Independent Fan Coverage,Short-form Cricket Content,Spin & Swing,No
YouTube,@spinandswing26,Short,Bumrah vs England | Ind vs Eng | Spin & Swing,https://www.youtube.com/shorts/yqpbx30D6bQ,yqpbx30D6bQ,,1200,0,International Cricket Bilateral,Independent Fan Coverage,Short-form Cricket Content,Spin & Swing,No
YouTube,@spinandswing26,Short,We are Champion  🏆🏆🏆,https://www.youtube.com/shorts/uOSBF6ikau8,uOSBF6ikau8,,1200,0,Cricket Coverage & Commentary,Independent Fan Coverage,Short-form Cricket Content,Spin & Swing,No
YouTube,@spinandswing26,Short,Bhai ye kya puch liyaaa,https://www.youtube.com/shorts/hKaKC77ovCU,hKaKC77ovCU,,1200,0,Cricket Coverage & Commentary,Independent Fan Coverage,Short-form Cricket Content,Spin & Swing,No
YouTube,@spinandswing26,Short,Itne jaldi nahi batana tha bhai,https://www.youtube.com/shorts/wXpEwA_hLaY,wXpEwA_hLaY,,1200,0,Cricket Coverage & Commentary,Independent Fan Coverage,Short-form Cricket Content,Spin & Swing,No
YouTube,@spinandswing26,Short,Tumhe kon pasand hai ??,https://www.youtube.com/shorts/gHKEzwZ-p8c,gHKEzwZ-p8c,,1200,0,Cricket Coverage & Commentary,Independent Fan Coverage,Short-form Cricket Content,Spin & Swing,No
YouTube,@spinandswing26,Short,Guess the Cricketer ??,https://www.youtube.com/shorts/t_gEL3bnzJE,t_gEL3bnzJE,,1200,0,General Cricket Trivia Series,Creator Studio / Digital Production,Short-form Cricket Content,Spin & Swing,No
YouTube,@spinandswing26,Short,Highest Runs Chased by teams In ODI | Part 2,https://www.youtube.com/shorts/zC9HPK-gT6s,zC9HPK-gT6s,,1200,0,Cricket Coverage & Commentary,Independent Fan Coverage,Short-form Cricket Content,Spin & Swing,No
YouTube,@spinandswing26,Short,Episode 4 : Story Behind the Post ft - Simar Jeet,https://www.youtube.com/shorts/jzIdYjXQ8BQ,jzIdYjXQ8BQ,,1100,0,Cricket Coverage & Commentary,Independent Fan Coverage,Story Behind the Post (Player Interview),Spin & Swing,No
YouTube,@spinandswing26,Short,First time was so nice they had to do it twice - Ayushi Soni,https://www.youtube.com/shorts/W6232WtzWY8,W6232WtzWY8,,1100,0,Cricket Coverage & Commentary,Independent Fan Coverage,Short-form Cricket Content,Spin & Swing,No
YouTube,@spinandswing26,Short,Episode 2 : Story Behind the Post ft - Vansh Bedi,https://www.youtube.com/shorts/M4V1K9qRlhQ,M4V1K9qRlhQ,,1100,0,Cricket Coverage & Commentary,Independent Fan Coverage,Story Behind the Post (Player Interview),Vansh Bedi,No
YouTube,@spinandswing26,Short,Describe DPL in one word !,https://www.youtube.com/shorts/ZifE_lWb1K4,ZifE_lWb1K4,,1100,0,DPL 2026 (Delhi Premier League),Independent Fan Coverage,Short-form Cricket Content,Spin & Swing,No
YouTube,@spinandswing26,Short,Lakshay thareja Knock !!,https://www.youtube.com/shorts/T_RYjwPpqgw,T_RYjwPpqgw,,1100,0,Cricket Coverage & Commentary,Independent Fan Coverage,Short-form Cricket Content,Spin & Swing,No
YouTube,@spinandswing26,Short,Playing 11 of Punjabi Kings #punjabkings #ipl2026,https://www.youtube.com/shorts/e-BhsEVTOIE,e-BhsEVTOIE,,1100,0,IPL 2026,Independent Fan Coverage,Short-form Cricket Content,Spin & Swing,No
YouTube,@spinandswing26,Short,No more Panoti Jokes 🏟️🏆,https://www.youtube.com/shorts/tVTtiemlsDo,tVTtiemlsDo,,1100,0,Cricket Coverage & Commentary,Independent Fan Coverage,Short-form Cricket Content,Spin & Swing,No
YouTube,@spinandswing26,Short,India vs New Zealand Final Pt 5,https://www.youtube.com/shorts/pWQqMveNe3s,pWQqMveNe3s,,1100,0,Cricket Coverage & Commentary,Independent Fan Coverage,Short-form Cricket Content,Spin & Swing,No
YouTube,@spinandswing26,Short,Us bhai usss 🫂🥺,https://www.youtube.com/shorts/wjhqcfDaihQ,wjhqcfDaihQ,,1100,0,Cricket Coverage & Commentary,Independent Fan Coverage,Short-form Cricket Content,Spin & Swing,No
YouTube,@spinandswing26,Short,One Sided Win for India | Ind vs Pak,https://www.youtube.com/shorts/4EYIMzru2ak,4EYIMzru2ak,,1100,0,ICC Men's T20 World Cup 2026,Independent Fan Coverage,Short-form Cricket Content,Spin & Swing,No
YouTube,@spinandswing26,Short,Indian players own Haris Rauf !!,https://www.youtube.com/shorts/py_4-v2Faxk,py_4-v2Faxk,,1100,0,General Cricket Trivia Series,Independent Fan Coverage,Short-form Cricket Content,Spin & Swing,No
YouTube,@spinandswing26,Short,Rcbw fans vs Dcw fans  – WPL,https://www.youtube.com/shorts/LIa7PtBSUqQ,LIa7PtBSUqQ,,1100,0,WPL 2026,Independent Fan Coverage,Fan Vox Pop & Stadium Reaction,Royal Challengers Bengaluru (RCB),No
YouTube,@spinandswing26,Short,India vs Australia T20 World Cup 2026 Final ??,https://www.youtube.com/shorts/xeIegethGvs,xeIegethGvs,,1100,0,ICC Men's T20 World Cup 2026,Independent Fan Coverage,Short-form Cricket Content,Spin & Swing,No
YouTube,@spinandswing26,Short,Cute @gujarattitans  Fan 💗,https://www.youtube.com/shorts/abEagzkHdok,abEagzkHdok,,1100,0,Cricket Coverage & Commentary,Independent Fan Coverage,Fan Vox Pop & Stadium Reaction,Spin & Swing,No
YouTube,@spinandswing26,Short,Mahi bhai hote to 😭,https://www.youtube.com/shorts/NdsPa7p-gc4,NdsPa7p-gc4,,1100,0,Cricket Coverage & Commentary,Independent Fan Coverage,Short-form Cricket Content,Spin & Swing,No
YouTube,@spinandswing26,Short,Ipl khela he nahi hai,https://www.youtube.com/shorts/BFrj6aGaX70,BFrj6aGaX70,,1100,0,IPL 2026,Independent Fan Coverage,Short-form Cricket Content,Spin & Swing,No
YouTube,@spinandswing26,Short,Top 5 Runs Scorer in Ipl 2016,https://www.youtube.com/shorts/mSiqmltSLlc,mSiqmltSLlc,,1100,0,IPL 2026,Independent Fan Coverage,Short-form Cricket Content,Spin & Swing,No
YouTube,@spinandswing26,Video,DO BHAI DONO TABHI 🔥 | IND VS AFG 2nd ODI - VLOG 38,https://www.youtube.com/watch?v=PWvwn14FvFk,PWvwn14FvFk,,1000,0,International Cricket Bilateral,Independent Fan Coverage,Behind The Scenes / Vlog,Spin & Swing,No
YouTube,@spinandswing26,Short,Episode 6 : Story Behind the Post ft - Shweta Sehrawat,https://www.youtube.com/shorts/nMMixpookWw,nMMixpookWw,,1000,0,Cricket Coverage & Commentary,Independent Fan Coverage,Story Behind the Post (Player Interview),Shweta Sehrawat,No
YouTube,@spinandswing26,Short,The Purple Cap officially belongs to Nazma 🧢,https://www.youtube.com/shorts/RfwQMG-SbFk,RfwQMG-SbFk,,1000,0,Cricket Coverage & Commentary,Independent Fan Coverage,Short-form Cricket Content,Spin & Swing,No
YouTube,@spinandswing26,Short,Why do you watch the DPL ?,https://www.youtube.com/shorts/x-9IF_XfFnM,x-9IF_XfFnM,,1000,0,DPL 2026 (Delhi Premier League),Independent Fan Coverage,Short-form Cricket Content,Spin & Swing,No
YouTube,@spinandswing26,Short,Bhai ka confidence 📈😂,https://www.youtube.com/shorts/FDzhBSXKiAg,FDzhBSXKiAg,,1000,0,Cricket Coverage & Commentary,Independent Fan Coverage,Short-form Cricket Content,Spin & Swing,No
YouTube,@spinandswing26,Short,Lucky-Son-in-Law ❤️🧿,https://www.youtube.com/shorts/GIZMb3mQh3g,GIZMb3mQh3g,,1000,0,Cricket Coverage & Commentary,Independent Fan Coverage,Short-form Cricket Content,Spin & Swing,No
YouTube,@spinandswing26,Short,Two Super Over !!,https://www.youtube.com/shorts/AUwPOxaC97I,AUwPOxaC97I,,1000,0,Cricket Coverage & Commentary,Independent Fan Coverage,Short-form Cricket Content,Spin & Swing,No
YouTube,@spinandswing26,Short,Pura Bharat Humari ladkiyo pe Proud kar raha hai 🥹🇮🇳❤️,https://www.youtube.com/shorts/yC-7x7Vg-0c,yC-7x7Vg-0c,,1000,0,Cricket Coverage & Commentary,Independent Fan Coverage,Short-form Cricket Content,Spin & Swing,No
YouTube,@spinandswing26,Short,Gt fans right now 😔,https://www.youtube.com/shorts/JgQ10ivS_Y0,JgQ10ivS_Y0,,1000,0,IPL 2026,Independent Fan Coverage,Fan Vox Pop & Stadium Reaction,Gujarat Titans (GT),No
YouTube,@spinandswing26,Short,Follow on bachaya hai,https://www.youtube.com/shorts/DCPC8qHFMyU,DCPC8qHFMyU,,1000,0,Cricket Coverage & Commentary,Independent Fan Coverage,Short-form Cricket Content,Spin & Swing,No
YouTube,@spinandswing26,Short,Australia ke liye opening karta tha | #guesstheplayer,https://www.youtube.com/shorts/MNrhNOra6rk,MNrhNOra6rk,,1000,0,General Cricket Trivia Series,Independent Fan Coverage,Short-form Cricket Content,Spin & Swing,No
YouTube,@spinandswing26,Short,Bhut Jada easy tha,https://www.youtube.com/shorts/4iYDcy4vuE0,4iYDcy4vuE0,,1000,0,Cricket Coverage & Commentary,Independent Fan Coverage,Short-form Cricket Content,Spin & Swing,No
YouTube,@spinandswing26,Short,Shubman Gill vs Rishabh Pant,https://www.youtube.com/shorts/JTznP_lnrYg,JTznP_lnrYg,,1000,0,Cricket Coverage & Commentary,Independent Fan Coverage,Short-form Cricket Content,Spin & Swing,No
YouTube,@spinandswing26,Short,Maine Ms dhoni bola tha,https://www.youtube.com/shorts/mbojEC4y6QQ,mbojEC4y6QQ,,1000,0,Cricket Coverage & Commentary,Independent Fan Coverage,Short-form Cricket Content,Spin & Swing,No
YouTube,@spinandswing26,Short,Top 5 Wicket Takers in Ipl 2015,https://www.youtube.com/shorts/nH0vZ85kt6c,nH0vZ85kt6c,,1000,0,IPL 2026,Independent Fan Coverage,Short-form Cricket Content,Spin & Swing,No
YouTube,@spinandswing26,Short,Bhut Jada easy tha | Guess the Cricketer,https://www.youtube.com/shorts/kUIah0_EgKE,kUIah0_EgKE,,1000,0,General Cricket Trivia Series,Creator Studio / Digital Production,Short-form Cricket Content,Spin & Swing,No
YouTube,@spinandswing26,Short,ICC should take action against Pakistan !!,https://www.youtube.com/shorts/UWLZvYlcF-M,UWLZvYlcF-M,,992,0,Cricket Coverage & Commentary,Independent Fan Coverage,Short-form Cricket Content,Spin & Swing,No
YouTube,@spinandswing26,Short,Yograj singh on Arjun Tendulkar,https://www.youtube.com/shorts/hRfnhjhLDNc,hRfnhjhLDNc,,990,0,Cricket Coverage & Commentary,Independent Fan Coverage,Short-form Cricket Content,Spin & Swing,No
YouTube,@spinandswing26,Short,Coach ke sath achi banti hai,https://www.youtube.com/shorts/JMSLGQ0zv4A,JMSLGQ0zv4A,,953,0,Cricket Coverage & Commentary,Independent Fan Coverage,Short-form Cricket Content,Spin & Swing,No
YouTube,@spinandswing26,Short,Vansh Bedi remember the name 🔥🔥,https://www.youtube.com/shorts/wsfEG0usKaU,wsfEG0usKaU,,944,0,Cricket Coverage & Commentary,Independent Fan Coverage,Short-form Cricket Content,Vansh Bedi,No
YouTube,@spinandswing26,Short,2 Second me opinion change kar leta hu 😂,https://www.youtube.com/shorts/4pNPs7Yo0b4,4pNPs7Yo0b4,,941,0,Cricket Coverage & Commentary,Independent Fan Coverage,Short-form Cricket Content,Spin & Swing,No
YouTube,@spinandswing26,Short,Top 5 players to hit maximum sixes in 2023 Ipl,https://www.youtube.com/shorts/zMEOAfakWRA,zMEOAfakWRA,,930,0,IPL 2026,Independent Fan Coverage,Short-form Cricket Content,Spin & Swing,No
YouTube,@spinandswing26,Short,bobzy the king 👑,https://www.youtube.com/shorts/9yoEjOfLjgo,9yoEjOfLjgo,,930,0,Cricket Coverage & Commentary,Independent Fan Coverage,Short-form Cricket Content,Spin & Swing,No
YouTube,@spinandswing26,Short,Wicket Follows My Friends!,https://www.youtube.com/shorts/4R8G1UbpYkw,4R8G1UbpYkw,,923,0,Cricket Coverage & Commentary,Independent Fan Coverage,Short-form Cricket Content,Spin & Swing,No
YouTube,@spinandswing26,Short,Which four team will Qualify ??,https://www.youtube.com/shorts/LZKbrJDgtFs,LZKbrJDgtFs,,917,0,Cricket Coverage & Commentary,Independent Fan Coverage,Short-form Cricket Content,Spin & Swing,No
YouTube,@spinandswing26,Short,Shubham mother's reaction when he got picked in the DPL,https://www.youtube.com/shorts/ZgP4PJiloqg,ZgP4PJiloqg,,903,0,DPL 2026 (Delhi Premier League),Independent Fan Coverage,Fan Vox Pop & Stadium Reaction,Spin & Swing,No
YouTube,@spinandswing26,Short,Ab kya bolu mai ??,https://www.youtube.com/shorts/lz2JZch9gdI,lz2JZch9gdI,,890,0,Cricket Coverage & Commentary,Independent Fan Coverage,Short-form Cricket Content,Spin & Swing,No
YouTube,@spinandswing26,Short,Itne captain he change kiye hai,https://www.youtube.com/shorts/BHellzEs3D8,BHellzEs3D8,,884,0,Cricket Coverage & Commentary,Independent Fan Coverage,Short-form Cricket Content,Spin & Swing,No
YouTube,@spinandswing26,Short,Top 5 players to hit maximum sixes in 2024 Ipl,https://www.youtube.com/shorts/_92qwgYqM0U,_92qwgYqM0U,,881,0,IPL 2026,Independent Fan Coverage,Short-form Cricket Content,Spin & Swing,No
YouTube,@spinandswing26,Video,INDIA vs NEW ZEALAND ODI SQUAD - PUBLIC REACTION !! ,https://www.youtube.com/watch?v=umXmToW4v-A,umXmToW4v-A,,879,0,General Cricket Trivia Series,Creator Studio / Digital Production,Fan Vox Pop & Stadium Reaction,Spin & Swing,No
YouTube,@spinandswing26,Short,Which teams have won the IPL trophy ? | Pt 2,https://www.youtube.com/shorts/2Lto28vQSPo,2Lto28vQSPo,,876,0,IPL 2026,Independent Fan Coverage,Short-form Cricket Content,Spin & Swing,No
YouTube,@spinandswing26,Short,Rajkumar Sir on Lakshay thareja Knock !,https://www.youtube.com/shorts/nUksE88W3mM,nUksE88W3mM,,868,0,Cricket Coverage & Commentary,Independent Fan Coverage,Short-form Cricket Content,Spin & Swing,No
YouTube,@spinandswing26,Short,Ye to bhut easy hai,https://www.youtube.com/shorts/punTXFcJ-l4,punTXFcJ-l4,,856,0,Cricket Coverage & Commentary,Independent Fan Coverage,Short-form Cricket Content,Spin & Swing,No
YouTube,@spinandswing26,Short,Top 5 Runs Scorer in Ipl 2017 | Pt -2,https://www.youtube.com/shorts/2Ls5fY0wYTg,2Ls5fY0wYTg,,848,0,IPL 2026,Independent Fan Coverage,Short-form Cricket Content,Spin & Swing,No
YouTube,@spinandswing26,Short,Vansh bedi - The Finisher for Central Delhi,https://www.youtube.com/shorts/h142n1dPWxc,h142n1dPWxc,,824,0,DPL 2026 (Delhi Premier League),Independent Fan Coverage,Short-form Cricket Content,"Vansh Bedi, Central Delhi Kings",No
YouTube,@spinandswing26,Short,Our players are not safe in Pakistan !!,https://www.youtube.com/shorts/94ss4FdL2YE,94ss4FdL2YE,,824,0,General Cricket Trivia Series,Independent Fan Coverage,Short-form Cricket Content,Spin & Swing,No
YouTube,@spinandswing26,Short,Rohit Sharma failed as Test Captain | #cricket #rohitsharma,https://www.youtube.com/shorts/Afb5F-4OhQs,Afb5F-4OhQs,,820,0,Cricket Coverage & Commentary,Independent Fan Coverage,Short-form Cricket Content,Spin & Swing,No
YouTube,@spinandswing26,Short,Rcb 💔💔 | Srh vs Rcb,https://www.youtube.com/shorts/yLkRaQmiv3E,yLkRaQmiv3E,,804,0,IPL 2026,Independent Fan Coverage,Short-form Cricket Content,"Royal Challengers Bengaluru (RCB), Sunrisers Hyderabad (SRH)",No
YouTube,@spinandswing26,Short,When She knows nothing about Cricket | Part 2,https://www.youtube.com/shorts/Ae_8KIjryQ8,Ae_8KIjryQ8,,782,0,Cricket Coverage & Commentary,Independent Fan Coverage,Short-form Cricket Content,Spin & Swing,No
YouTube,@spinandswing26,Short,Top Five Runs Scorer In IPL 2024,https://www.youtube.com/shorts/K1UdA7F6hGM,K1UdA7F6hGM,,780,0,IPL 2026,Independent Fan Coverage,Short-form Cricket Content,Spin & Swing,No
YouTube,@spinandswing26,Short,We only believe in Navdeep bhai ❤️,https://www.youtube.com/shorts/dvzFU8Vu1B0,dvzFU8Vu1B0,,776,0,Cricket Coverage & Commentary,Independent Fan Coverage,Short-form Cricket Content,Spin & Swing,No
YouTube,@spinandswing26,Short,Top 5 Wicket Takers in Ipl 2016,https://www.youtube.com/shorts/9dfJC41hL0Q,9dfJC41hL0Q,,772,0,IPL 2026,Independent Fan Coverage,Short-form Cricket Content,Spin & Swing,No
YouTube,@spinandswing26,Short,Captain leading from the front 💗🔥,https://www.youtube.com/shorts/_RVeDlbzL40,_RVeDlbzL40,,770,0,Cricket Coverage & Commentary,Independent Fan Coverage,Short-form Cricket Content,Spin & Swing,No
YouTube,@spinandswing26,Short,New Script writer,https://www.youtube.com/shorts/gy06E7SOK8M,gy06E7SOK8M,,765,0,Cricket Coverage & Commentary,Independent Fan Coverage,Short-form Cricket Content,Spin & Swing,No
YouTube,@spinandswing26,Short,Cricket or Karate ??,https://www.youtube.com/shorts/InhWUcW3vI8,InhWUcW3vI8,,763,0,Cricket Coverage & Commentary,Independent Fan Coverage,Short-form Cricket Content,Spin & Swing,No
YouTube,@spinandswing26,Video,GT vs PBKS VLOG | IPL 2025,https://www.youtube.com/watch?v=oo2eC1m6eoU,oo2eC1m6eoU,,755,0,IPL 2026,Independent Fan Coverage,Behind The Scenes / Vlog,Gujarat Titans (GT),No
YouTube,@spinandswing26,Short,Bhaiii jaan India played well,https://www.youtube.com/shorts/PgT7_SQWPYE,PgT7_SQWPYE,,747,0,Cricket Coverage & Commentary,Independent Fan Coverage,Short-form Cricket Content,Spin & Swing,No
YouTube,@spinandswing26,Video,MY FIRST EVER NAVRATRI IN AHMEDABAD - VLOG 12 ,https://www.youtube.com/watch?v=2S-Iw5_wOqc,2S-Iw5_wOqc,,735,0,Creator Journey & Vlogs (Abhishek Unseen),Independent Fan Coverage,Behind The Scenes / Vlog,Spin & Swing,No
YouTube,@spinandswing26,Short,Rinku Singh nahi hai ?,https://www.youtube.com/shorts/VbH5FAdfarU,VbH5FAdfarU,,731,0,Cricket Coverage & Commentary,Independent Fan Coverage,Short-form Cricket Content,Spin & Swing,No
YouTube,@spinandswing26,Short,Happy Retirement Ashwin,https://www.youtube.com/shorts/QPoCm_0l9q0,QPoCm_0l9q0,,723,0,Cricket Coverage & Commentary,Independent Fan Coverage,Short-form Cricket Content,Spin & Swing,No
YouTube,@spinandswing26,Short,GG Era in T20 📈🔥,https://www.youtube.com/shorts/uFHxMTU1osM,uFHxMTU1osM,,691,0,Cricket Coverage & Commentary,Independent Fan Coverage,Short-form Cricket Content,Spin & Swing,No
YouTube,@spinandswing26,Short,Kya management hai bhai 🥲,https://www.youtube.com/shorts/NcQhRiPr98Q,NcQhRiPr98Q,,678,0,Cricket Coverage & Commentary,Independent Fan Coverage,Short-form Cricket Content,Spin & Swing,No
YouTube,@spinandswing26,Short,Bobzy the King !!,https://www.youtube.com/shorts/gkq8h4lAXY8,gkq8h4lAXY8,,673,0,Cricket Coverage & Commentary,Independent Fan Coverage,Short-form Cricket Content,Spin & Swing,No
YouTube,@spinandswing26,Short,Most expensive player in ipl history,https://www.youtube.com/shorts/AI9sHOpJSOw,AI9sHOpJSOw,,671,0,IPL 2026,Independent Fan Coverage,Short-form Cricket Content,Spin & Swing,No
YouTube,@spinandswing26,Short,What does DPL mean to you ?,https://www.youtube.com/shorts/U-Kw8RA5Dlw,U-Kw8RA5Dlw,,666,0,DPL 2026 (Delhi Premier League),Independent Fan Coverage,Short-form Cricket Content,Spin & Swing,No
YouTube,@spinandswing26,Short,Areee yr Maine socha he nhi tha,https://www.youtube.com/shorts/i27kPMq7O0c,i27kPMq7O0c,,661,0,Cricket Coverage & Commentary,Independent Fan Coverage,Short-form Cricket Content,Spin & Swing,No
YouTube,@spinandswing26,Short,2028 me cup naam de 😓,https://www.youtube.com/shorts/B2SynnTw30E,B2SynnTw30E,,656,0,Cricket Coverage & Commentary,Independent Fan Coverage,Short-form Cricket Content,Spin & Swing,No
YouTube,@spinandswing26,Short,Ab nahi banega meme 🤡 | RR vs SRH,https://www.youtube.com/shorts/hRMxUXxBSas,hRMxUXxBSas,,654,0,IPL 2026,Independent Fan Coverage,Short-form Cricket Content,Sunrisers Hyderabad (SRH),No
YouTube,@spinandswing26,Short,Inko kon nahi jaanta | Guess the Cricketer,https://www.youtube.com/shorts/E__7CVLCdRQ,E__7CVLCdRQ,,636,0,General Cricket Trivia Series,Creator Studio / Digital Production,Short-form Cricket Content,Spin & Swing,No
YouTube,@spinandswing26,Short,Pov : You are Gill fan 💗,https://www.youtube.com/shorts/BnZeGuGNgl4,BnZeGuGNgl4,,633,0,Cricket Coverage & Commentary,Independent Fan Coverage,Fan Vox Pop & Stadium Reaction,Spin & Swing,No
YouTube,@spinandswing26,Short,2025 me Cup naam de,https://www.youtube.com/shorts/tldfcmSviks,tldfcmSviks,,627,0,Cricket Coverage & Commentary,Independent Fan Coverage,Short-form Cricket Content,Spin & Swing,No
YouTube,@spinandswing26,Short,Highest Teams Score in Ipl History,https://www.youtube.com/shorts/4sOeEQSHdBU,4sOeEQSHdBU,,624,0,IPL 2026,Independent Fan Coverage,Short-form Cricket Content,Spin & Swing,No
YouTube,@spinandswing26,Short,How many runs did Ravinder Jadeja score in 2019 semi final ?,https://www.youtube.com/shorts/QkErLq31O4M,QkErLq31O4M,,622,0,IPL 2026,Independent Fan Coverage,Short-form Cricket Content,Mumbai Indians (MI),No
YouTube,@spinandswing26,Short,Salt doing Assault 🤫😂,https://www.youtube.com/shorts/NZ845OdtOPU,NZ845OdtOPU,,621,0,Cricket Coverage & Commentary,Independent Fan Coverage,Short-form Cricket Content,Spin & Swing,No
YouTube,@spinandswing26,Short,Hardik to bhut Jada easy tha,https://www.youtube.com/shorts/-RcRQrn39Cw,-RcRQrn39Cw,,618,0,Cricket Coverage & Commentary,Independent Fan Coverage,Short-form Cricket Content,Spin & Swing,No
YouTube,@spinandswing26,Short,Which teams have won the IPL trophy ??,https://www.youtube.com/shorts/AYHLXRecRew,AYHLXRecRew,,614,0,IPL 2026,Independent Fan Coverage,Short-form Cricket Content,Spin & Swing,No
YouTube,@spinandswing26,Short,Gill  100 Loading 💗🫶,https://www.youtube.com/shorts/rQwBezgmRyE,rQwBezgmRyE,,611,0,Cricket Coverage & Commentary,Independent Fan Coverage,Short-form Cricket Content,Spin & Swing,No
YouTube,@spinandswing26,Short,Csk walo se koi dosti nahi | #cskvsrcb #spin&swing,https://www.youtube.com/shorts/RblbNMezTRU,RblbNMezTRU,,611,0,IPL 2026,Independent Fan Coverage,Short-form Cricket Content,"Royal Challengers Bengaluru (RCB), Chennai Super Kings (CSK)",No
YouTube,@spinandswing26,Short,Punjab Kings New Coach In 2025,https://www.youtube.com/shorts/Kd76VjRKKvs,Kd76VjRKKvs,,605,0,Cricket Coverage & Commentary,Independent Fan Coverage,Short-form Cricket Content,Spin & Swing,No
YouTube,@spinandswing26,Short,Playing 11 of India in 2011 World Cup Final ?,https://www.youtube.com/shorts/wmHtBpYqyQQ,wmHtBpYqyQQ,,602,0,ICC Men's T20 World Cup 2026,Independent Fan Coverage,Short-form Cricket Content,Spin & Swing,No
YouTube,@spinandswing26,Short,Naya jamana chal raha hai 😂,https://www.youtube.com/shorts/YO7nSyZ6FZs,YO7nSyZ6FZs,,600,0,Cricket Coverage & Commentary,Independent Fan Coverage,Short-form Cricket Content,Spin & Swing,No
YouTube,@spinandswing26,Video,GT vs RR - IPL 2025  | VLOG 8 | SPIN & SWING,https://www.youtube.com/watch?v=GWjH6GdP20k,GWjH6GdP20k,,597,0,IPL 2026,Independent Fan Coverage,Behind The Scenes / Vlog,Gujarat Titans (GT),No
YouTube,@spinandswing26,Short,Ye Players kis Ipl team me hai ?,https://www.youtube.com/shorts/Yyg7SEhwuqs,Yyg7SEhwuqs,,594,0,IPL 2026,Independent Fan Coverage,Short-form Cricket Content,Spin & Swing,No
YouTube,@spinandswing26,Short,19-11-2023 💔 | India vs Australia,https://www.youtube.com/shorts/-jCkurpp7mI,-jCkurpp7mI,,592,0,Cricket Coverage & Commentary,Independent Fan Coverage,Short-form Cricket Content,Spin & Swing,No
YouTube,@spinandswing26,Short,Sorry mam 😭😂,https://www.youtube.com/shorts/dImWXzj39k4,dImWXzj39k4,,585,0,Cricket Coverage & Commentary,Independent Fan Coverage,Short-form Cricket Content,Spin & Swing,No
YouTube,@spinandswing26,Short,Kisne jyada Six Mara hai ?,https://www.youtube.com/shorts/y3YLBMkzpCg,y3YLBMkzpCg,,584,0,Cricket Coverage & Commentary,Independent Fan Coverage,Short-form Cricket Content,Spin & Swing,No
YouTube,@spinandswing26,Short,Top 5 Runs Scorer in Ipl 2022 | Pt 3,https://www.youtube.com/shorts/QYN46gPeY3M,QYN46gPeY3M,,583,0,IPL 2026,Independent Fan Coverage,Short-form Cricket Content,Spin & Swing,No
YouTube,@spinandswing26,Short,Top 5 Runs Scorer in Ipl 2015,https://www.youtube.com/shorts/CeWUwsLENPw,CeWUwsLENPw,,581,0,IPL 2026,Independent Fan Coverage,Short-form Cricket Content,Spin & Swing,No
YouTube,@spinandswing26,Short,Galti se Hardik bol diya | Who has more followers,https://www.youtube.com/shorts/jhWnrm7542Q,jhWnrm7542Q,,577,0,Cricket Coverage & Commentary,Independent Fan Coverage,Short-form Cricket Content,Spin & Swing,No
YouTube,@spinandswing26,Short,Ab bol ab bol naaa 😡😡,https://www.youtube.com/shorts/Q3_MKPg7x1g,Q3_MKPg7x1g,,572,0,Cricket Coverage & Commentary,Independent Fan Coverage,Short-form Cricket Content,Spin & Swing,No
YouTube,@spinandswing26,Short,Csk ke liye bhut acha khela hai,https://www.youtube.com/shorts/F6Bc-o5ueuA,F6Bc-o5ueuA,,570,0,IPL 2026,Independent Fan Coverage,Short-form Cricket Content,Chennai Super Kings (CSK),No
YouTube,@spinandswing26,Short,Reason why I hate Indian fans,https://www.youtube.com/shorts/2pAIIxv3170,2pAIIxv3170,,560,0,Cricket Coverage & Commentary,Independent Fan Coverage,Fan Vox Pop & Stadium Reaction,Spin & Swing,No
YouTube,@spinandswing26,Short,Pagal banaya tumko 😂,https://www.youtube.com/shorts/AJ1fmU6n6vU,AJ1fmU6n6vU,,558,0,Cricket Coverage & Commentary,Independent Fan Coverage,Short-form Cricket Content,Spin & Swing,No
YouTube,@spinandswing26,Short,Overconfident nahi chotu 😂💗,https://www.youtube.com/shorts/JkowStKyt0k,JkowStKyt0k,,548,0,Cricket Coverage & Commentary,Independent Fan Coverage,Short-form Cricket Content,Spin & Swing,No
YouTube,@spinandswing26,Short,Bcci bilkul sahi kar rahi hai,https://www.youtube.com/shorts/D4jqpoxtiQc,D4jqpoxtiQc,,548,0,Cricket Coverage & Commentary,Independent Fan Coverage,Short-form Cricket Content,Spin & Swing,No
YouTube,@spinandswing26,Short,CSK wale se dosti nahi,https://www.youtube.com/shorts/Ai3kCskf1lM,Ai3kCskf1lM,,544,0,IPL 2026,Independent Fan Coverage,Short-form Cricket Content,Chennai Super Kings (CSK),No
YouTube,@spinandswing26,Short,Kya hua baba ji ?,https://www.youtube.com/shorts/oxqwfffPNeE,oxqwfffPNeE,,543,0,Cricket Coverage & Commentary,Independent Fan Coverage,Short-form Cricket Content,Spin & Swing,No
YouTube,@spinandswing26,Short,I am on believe on jassi bhai,https://www.youtube.com/shorts/yw-DvGYPh-4,yw-DvGYPh-4,,542,0,Cricket Coverage & Commentary,Independent Fan Coverage,Short-form Cricket Content,Spin & Swing,No
YouTube,@spinandswing26,Short,Teams against Which India has scored highest runs In T20,https://www.youtube.com/shorts/n1hxrOSRotA,n1hxrOSRotA,,532,0,Cricket Coverage & Commentary,Independent Fan Coverage,Short-form Cricket Content,Spin & Swing,No
YouTube,@spinandswing26,Short,Hardik Pandya Divorce News,https://www.youtube.com/shorts/ROxeBHdRliE,ROxeBHdRliE,,531,0,Cricket Coverage & Commentary,Independent Fan Coverage,Short-form Cricket Content,Spin & Swing,No
YouTube,@spinandswing26,Short,South Africa ka Player hai,https://www.youtube.com/shorts/1iIRhFQEXvk,1iIRhFQEXvk,,530,0,General Cricket Trivia Series,Independent Fan Coverage,Short-form Cricket Content,Spin & Swing,No
YouTube,@spinandswing26,Short,Kya ye Indian hai ??,https://www.youtube.com/shorts/GEHKYTTkQNc,GEHKYTTkQNc,,529,0,Cricket Coverage & Commentary,Independent Fan Coverage,Short-form Cricket Content,Spin & Swing,No
YouTube,@spinandswing26,Short,BGT 2.O 🥶👀,https://www.youtube.com/shorts/xc8bf-umydU,xc8bf-umydU,,525,0,IPL 2026,Independent Fan Coverage,Short-form Cricket Content,Gujarat Titans (GT),No
YouTube,@spinandswing26,Short,Par merko koi dikh ku nhi Raha 💀😭,https://www.youtube.com/shorts/0J7PC33pzR0,0J7PC33pzR0,,524,0,Cricket Coverage & Commentary,Independent Fan Coverage,Short-form Cricket Content,Spin & Swing,No
YouTube,@spinandswing26,Short,Kab sala cup naam de ??,https://www.youtube.com/shorts/F7ZyGwsScGU,F7ZyGwsScGU,,523,0,Cricket Coverage & Commentary,Independent Fan Coverage,Short-form Cricket Content,Spin & Swing,No
YouTube,@spinandswing26,Short,Easy tha ye to,https://www.youtube.com/shorts/9-c-v6oP5OE,9-c-v6oP5OE,,521,0,Cricket Coverage & Commentary,Independent Fan Coverage,Short-form Cricket Content,Spin & Swing,No
YouTube,@spinandswing26,Short,You are Rcb fan,https://www.youtube.com/shorts/G1_qLFOm9Rs,G1_qLFOm9Rs,,519,0,IPL 2026,Independent Fan Coverage,Fan Vox Pop & Stadium Reaction,Royal Challengers Bengaluru (RCB),No
YouTube,@spinandswing26,Short,Bumrah is set to miss Champions trophy,https://www.youtube.com/shorts/_FzYfAh7dN4,_FzYfAh7dN4,,503,0,IPL 2026,Independent Fan Coverage,Short-form Cricket Content,Mumbai Indians (MI),No
YouTube,@spinandswing26,Short,Top 5 Wicket Takers in Ipl 2015 | Pt 2,https://www.youtube.com/shorts/64mPkqxcKds,64mPkqxcKds,,503,0,IPL 2026,Independent Fan Coverage,Short-form Cricket Content,Spin & Swing,No
YouTube,@spinandswing26,Video,LSG vs GT - IPL 2025 | VLOG 9 | SPIN & SWING,https://www.youtube.com/watch?v=Cb82nhE86jM,Cb82nhE86jM,,500,0,IPL 2026,Independent Fan Coverage,Behind The Scenes / Vlog,Gujarat Titans (GT),No
YouTube,@spinandswing26,Video,BORDER GAVASKAR TROPHY 2024-25 | IND VS AUS,https://www.youtube.com/watch?v=AlpsirBzj1s,AlpsirBzj1s,,496,0,International Cricket Bilateral,Independent Fan Coverage,Short-form Cricket Content,Spin & Swing,No
YouTube,@spinandswing26,Short,RCB vs CSK | IPL 2025,https://www.youtube.com/shorts/6cGhssT94mo,6cGhssT94mo,,496,0,IPL 2026,Independent Fan Coverage,Short-form Cricket Content,"Royal Challengers Bengaluru (RCB), Chennai Super Kings (CSK)",No
YouTube,@spinandswing26,Short,Abhi tak ke best players,https://www.youtube.com/shorts/nNrR6eyQt5Q,nNrR6eyQt5Q,,486,0,General Cricket Trivia Series,Independent Fan Coverage,Short-form Cricket Content,Spin & Swing,No
YouTube,@spinandswing26,Short,Itna jaldi bhi nhi batana tha bhai 😂,https://www.youtube.com/shorts/gVNSVmw4cR8,gVNSVmw4cR8,,485,0,Cricket Coverage & Commentary,Independent Fan Coverage,Short-form Cricket Content,Spin & Swing,No
YouTube,@spinandswing26,Short,Ishan - Hardik Show !! | Ind vs Nam,https://www.youtube.com/shorts/ClAhZay7oUs,ClAhZay7oUs,,482,0,Cricket Coverage & Commentary,Independent Fan Coverage,Short-form Cricket Content,Spin & Swing,No
YouTube,@spinandswing26,Short,Bhai ab kya bolu isko,https://www.youtube.com/shorts/to62U9D07v4,to62U9D07v4,,482,0,Cricket Coverage & Commentary,Independent Fan Coverage,Short-form Cricket Content,Spin & Swing,No
YouTube,@spinandswing26,Short,Rohit Sharma or Sunny leone ?,https://www.youtube.com/shorts/Obcy4R35sRA,Obcy4R35sRA,,481,0,Cricket Coverage & Commentary,Independent Fan Coverage,Short-form Cricket Content,Spin & Swing,No
YouTube,@spinandswing26,Video,Pakistan never disappoints Us !! |  Pak vs Can,https://www.youtube.com/watch?v=IUTGahfAIfM,IUTGahfAIfM,,479,0,Cricket Coverage & Commentary,Independent Fan Coverage,Short-form Cricket Content,Spin & Swing,No
YouTube,@spinandswing26,Short,Gill vs Jaiswal,https://www.youtube.com/shorts/nC9ZN-OyrYI,nC9ZN-OyrYI,,478,0,Cricket Coverage & Commentary,Independent Fan Coverage,Short-form Cricket Content,Spin & Swing,No
YouTube,@spinandswing26,Short,Highest Wicket taker in this Season 2024 ??,https://www.youtube.com/shorts/b9yU4yP8wU4,b9yU4yP8wU4,,477,0,Cricket Coverage & Commentary,Independent Fan Coverage,Short-form Cricket Content,Spin & Swing,No
YouTube,@spinandswing26,Short,Rohit Bhai PR walo ko smjhao 😭🙏 #rohitsharma #cricket,https://www.youtube.com/shorts/4ACgEwbDDps,4ACgEwbDDps,,476,0,Cricket Coverage & Commentary,Independent Fan Coverage,Short-form Cricket Content,Spin & Swing,No
YouTube,@spinandswing26,Short,Top 5 players to hit maximum sixes in 2024 Ipl | Pt-2,https://www.youtube.com/shorts/zvpkmeks0KY,zvpkmeks0KY,,475,0,IPL 2026,Independent Fan Coverage,Short-form Cricket Content,Spin & Swing,No
YouTube,@spinandswing26,Short,Bhai sochta rah gaya | Guess the Cricketer,https://www.youtube.com/shorts/eWljSrr9q7k,eWljSrr9q7k,,475,0,General Cricket Trivia Series,Creator Studio / Digital Production,Short-form Cricket Content,Spin & Swing,No
YouTube,@spinandswing26,Short,Which batsman scored more runs in this season ?,https://www.youtube.com/shorts/Yq-Jnn_u9GQ,Yq-Jnn_u9GQ,,474,0,Cricket Coverage & Commentary,Independent Fan Coverage,Short-form Cricket Content,Spin & Swing,No
YouTube,@spinandswing26,Short,Which teams Won Starting 5 Odi World Cup,https://www.youtube.com/shorts/4mVOqvsARYY,4mVOqvsARYY,,473,0,ICC Men's T20 World Cup 2026,Independent Fan Coverage,Short-form Cricket Content,Spin & Swing,No
YouTube,@spinandswing26,Short,Silencer ko Silent kr diya 🤫 | kkr vs Srh | Ipl 2024 final,https://www.youtube.com/shorts/bWmVkT4_tdI,bWmVkT4_tdI,,473,0,IPL 2026,Independent Fan Coverage,Short-form Cricket Content,"Sunrisers Hyderabad (SRH), Kolkata Knight Riders (KKR)",No
YouTube,@spinandswing26,Short,YOU ARE VIRAT AND RCB FAN 💔🥺,https://www.youtube.com/shorts/f-VPpvFQOyI,f-VPpvFQOyI,,473,0,IPL 2026,Independent Fan Coverage,Fan Vox Pop & Stadium Reaction,Royal Challengers Bengaluru (RCB),No
YouTube,@spinandswing26,Short,Highest Individual Scores in Ipl History,https://www.youtube.com/shorts/OTlqWxx-dGk,OTlqWxx-dGk,,472,0,IPL 2026,Independent Fan Coverage,Short-form Cricket Content,Spin & Swing,No
YouTube,@spinandswing26,Short,Thala ko is baar firse milega farewell,https://www.youtube.com/shorts/Ud1FnBjI8fA,Ud1FnBjI8fA,,470,0,IPL 2026,Independent Fan Coverage,Short-form Cricket Content,Mumbai Indians (MI),No
YouTube,@spinandswing26,Short,Which teams have won the IPL trophy ? | Pt 3,https://www.youtube.com/shorts/8z4e9Pd0N2Q,8z4e9Pd0N2Q,,470,0,IPL 2026,Independent Fan Coverage,Short-form Cricket Content,Spin & Swing,No
YouTube,@spinandswing26,Short,Why always Hardik Pandya #cricket #hardikpandya,https://www.youtube.com/shorts/x92MIWV9WLQ,x92MIWV9WLQ,,469,0,Cricket Coverage & Commentary,Independent Fan Coverage,Short-form Cricket Content,Spin & Swing,No
YouTube,@spinandswing26,Video,LSG VS CSK - IPL 2025 | VLOG 10 | SPIN & SWING,https://www.youtube.com/watch?v=56Yyb-pjWFo,56Yyb-pjWFo,,468,0,IPL 2026,Independent Fan Coverage,Behind The Scenes / Vlog,Chennai Super Kings (CSK),No
YouTube,@spinandswing26,Short,Top 5 Bowler According to Current Icc Ranking,https://www.youtube.com/shorts/myfAlFF5sLo,myfAlFF5sLo,,467,0,Cricket Coverage & Commentary,Independent Fan Coverage,Short-form Cricket Content,Spin & Swing,No
YouTube,@spinandswing26,Short,Virat Kohli (:,https://www.youtube.com/shorts/P0WuAqzpJe4,P0WuAqzpJe4,,464,0,Cricket Coverage & Commentary,Independent Fan Coverage,Short-form Cricket Content,Spin & Swing,No
YouTube,@spinandswing26,Video,Rohit Sharma Paid Pr Exposed | Spin & Swing,https://www.youtube.com/watch?v=DNbKhR5r1Ts,DNbKhR5r1Ts,,462,0,Cricket Coverage & Commentary,Independent Fan Coverage,Short-form Cricket Content,Spin & Swing,No
YouTube,@spinandswing26,Short,Are yr ye kaise nahi pata,https://www.youtube.com/shorts/FyvbE4RnhIQ,FyvbE4RnhIQ,,462,0,Cricket Coverage & Commentary,Independent Fan Coverage,Short-form Cricket Content,Spin & Swing,No
YouTube,@spinandswing26,Short,Kashmir se hai ye,https://www.youtube.com/shorts/8M6Y8OhdllM,8M6Y8OhdllM,,462,0,IPL 2026,Independent Fan Coverage,Short-form Cricket Content,Mumbai Indians (MI),No
YouTube,@abhishekunseen26,Video,Gaming Zone Vlog | Vlog 26,https://www.youtube.com/watch?v=jXwOGcp_PVM,jXwOGcp_PVM,2025-06-10,462,0,IPL 2025,Creator Studio / Personal,Behind The Scenes / Vlog,Mumbai Indians (MI),No
YouTube,@spinandswing26,Short,Aakash Chopra Socha he nhi tha | Guess the Cricketer,https://www.youtube.com/shorts/zW_8u_jJwtE,zW_8u_jJwtE,,458,0,General Cricket Trivia Series,Creator Studio / Digital Production,Short-form Cricket Content,Spin & Swing,No
YouTube,@spinandswing26,Video,Reality of 2011 World Cup |  Episode 1,https://www.youtube.com/watch?v=avRAe4ClYi4,avRAe4ClYi4,,454,0,ICC Men's T20 World Cup 2026,Independent Fan Coverage,Short-form Cricket Content,Spin & Swing,No
YouTube,@spinandswing26,Short,Mohammad Amir 💀,https://www.youtube.com/shorts/w4guh4dGL0k,w4guh4dGL0k,,453,0,IPL 2026,Independent Fan Coverage,Short-form Cricket Content,Mumbai Indians (MI),No
YouTube,@spinandswing26,Short,Unbeaten India 🥹🇮🇳,https://www.youtube.com/shorts/Il24QbQDDRs,Il24QbQDDRs,,448,0,Cricket Coverage & Commentary,Independent Fan Coverage,Short-form Cricket Content,Spin & Swing,No
YouTube,@spinandswing26,Video,GT vs RR | LAST OVER MATCH - VLOG 27 ,https://www.youtube.com/watch?v=Fp1iLJiGnXk,Fp1iLJiGnXk,,446,0,IPL 2026,Independent Fan Coverage,Behind The Scenes / Vlog,Gujarat Titans (GT),No
YouTube,@spinandswing26,Short,When did Ms dhoni debut ?,https://www.youtube.com/shorts/aQxnZuoUsio,aQxnZuoUsio,,446,0,Cricket Coverage & Commentary,Independent Fan Coverage,Short-form Cricket Content,Spin & Swing,No
YouTube,@spinandswing26,Short,Top 5 players to hit maximum sixes in 2023 Ipl | Pt -2,https://www.youtube.com/shorts/5Or4naLq-hs,5Or4naLq-hs,,444,0,IPL 2026,Independent Fan Coverage,Short-form Cricket Content,Spin & Swing,No
YouTube,@spinandswing26,Short,Top 5 Runs Scorer in Ipl 2022,https://www.youtube.com/shorts/2vIEPTcravU,2vIEPTcravU,,444,0,IPL 2026,Independent Fan Coverage,Short-form Cricket Content,Spin & Swing,No
YouTube,@spinandswing26,Short,Top 5 Bowler According to Current Icc Ranking | Pt 2,https://www.youtube.com/shorts/Ub_I3ahp5XI,Ub_I3ahp5XI,,444,0,Cricket Coverage & Commentary,Independent Fan Coverage,Short-form Cricket Content,Spin & Swing,No
YouTube,@spinandswing26,Short,Top 5 Wicket Takers in Ipl 2019 | Pt 2,https://www.youtube.com/shorts/LqA0XXziVho,LqA0XXziVho,,443,0,IPL 2026,Independent Fan Coverage,Short-form Cricket Content,Spin & Swing,No
YouTube,@spinandswing26,Short,Aur ye bolti hai ki mai loyal nahi 😔💔,https://www.youtube.com/shorts/h1FVyevxVmE,h1FVyevxVmE,,442,0,Cricket Coverage & Commentary,Independent Fan Coverage,Short-form Cricket Content,Spin & Swing,No
YouTube,@spinandswing26,Short,India vs New Zealand Final !!,https://www.youtube.com/shorts/9OtRzt1j_3k,9OtRzt1j_3k,,441,0,Cricket Coverage & Commentary,Independent Fan Coverage,Short-form Cricket Content,Spin & Swing,No
YouTube,@spinandswing26,Short,Top 5 Wicket Takers in Ipl 2019,https://www.youtube.com/shorts/KfxFRTCn-yQ,KfxFRTCn-yQ,,440,0,IPL 2026,Independent Fan Coverage,Short-form Cricket Content,Spin & Swing,No
YouTube,@spinandswing26,Short,New zealand ka bowler hai,https://www.youtube.com/shorts/PRP09PjoIyE,PRP09PjoIyE,,437,0,Cricket Coverage & Commentary,Independent Fan Coverage,Short-form Cricket Content,Spin & Swing,No
YouTube,@spinandswing26,Short,Shyad Option ki jarurat nahi hogi,https://www.youtube.com/shorts/Zr9DHI6gMRw,Zr9DHI6gMRw,,436,0,Cricket Coverage & Commentary,Independent Fan Coverage,Short-form Cricket Content,Spin & Swing,No
YouTube,@spinandswing26,Short,Seriously 250 ??,https://www.youtube.com/shorts/uBiwtl1AC9Q,uBiwtl1AC9Q,,431,0,Cricket Coverage & Commentary,Independent Fan Coverage,Short-form Cricket Content,Spin & Swing,No
YouTube,@spinandswing26,Short,Rashid Khan International Wickets,https://www.youtube.com/shorts/W109YtkGDfA,W109YtkGDfA,,430,0,Cricket Coverage & Commentary,Independent Fan Coverage,Short-form Cricket Content,Spin & Swing,No
YouTube,@spinandswing26,Short,Jos Buttler score in 2022 Ipl,https://www.youtube.com/shorts/PJXX-zuv9ls,PJXX-zuv9ls,,429,0,IPL 2026,Independent Fan Coverage,Short-form Cricket Content,Spin & Swing,No
YouTube,@spinandswing26,Short,Bye Bye Australia  | Ind vs Aus,https://www.youtube.com/shorts/N5bs4jzhvz8,N5bs4jzhvz8,,428,0,International Cricket Bilateral,Independent Fan Coverage,Short-form Cricket Content,Spin & Swing,No
YouTube,@spinandswing26,Short,Top 5 Runs Scorer in Ipl 2015 | Pt 2,https://www.youtube.com/shorts/Szi_jFvzA2s,Szi_jFvzA2s,,427,0,IPL 2026,Independent Fan Coverage,Short-form Cricket Content,Spin & Swing,No
YouTube,@spinandswing26,Short,Top 5 highest run scorer in odi | Pt -2,https://www.youtube.com/shorts/xAvUihKaXoQ,xAvUihKaXoQ,,425,0,Cricket Coverage & Commentary,Independent Fan Coverage,Short-form Cricket Content,Spin & Swing,No
YouTube,@spinandswing26,Short,Hardik Bhai vs Zampa Koi kaise bhul sakta hai,https://www.youtube.com/shorts/J8BHX0aeAI0,J8BHX0aeAI0,,425,0,Cricket Coverage & Commentary,Independent Fan Coverage,Short-form Cricket Content,Spin & Swing,No
YouTube,@spinandswing26,Short,Maine socha he nahi tha,https://www.youtube.com/shorts/YTd9YLV5oeg,YTd9YLV5oeg,,422,0,Cricket Coverage & Commentary,Independent Fan Coverage,Short-form Cricket Content,Spin & Swing,No
YouTube,@spinandswing26,Video,EXPERIENCING MY FIRST TEST MATCH IN STADIUM | INDIA VS WEST INDIES 1ST TEST | DAY 1 | VLOG 13,https://www.youtube.com/watch?v=FFs69U2Gm9o,FFs69U2Gm9o,,421,0,Creator Journey & Vlogs (Abhishek Unseen),Independent Fan Coverage,Behind The Scenes / Vlog,Spin & Swing,No
YouTube,@spinandswing26,Short,Top 5 Runs Scorer in Ipl 2018 | Pt 2,https://www.youtube.com/shorts/OmtjnoK57WU,OmtjnoK57WU,,421,0,IPL 2026,Independent Fan Coverage,Short-form Cricket Content,Spin & Swing,No
YouTube,@spinandswing26,Short,When did these players debut,https://www.youtube.com/shorts/PZxkfUkotQM,PZxkfUkotQM,,420,0,General Cricket Trivia Series,Independent Fan Coverage,Short-form Cricket Content,Spin & Swing,No
YouTube,@spinandswing26,Short,Top 5 highest run scorer in odi,https://www.youtube.com/shorts/qpE5c3pXibk,qpE5c3pXibk,,420,0,Cricket Coverage & Commentary,Independent Fan Coverage,Short-form Cricket Content,Spin & Swing,No
YouTube,@spinandswing26,Short,Top 5 Wicket Takers in Ipl 2016 | Pt 2,https://www.youtube.com/shorts/mx-HLlcxBzQ,mx-HLlcxBzQ,,420,0,IPL 2026,Independent Fan Coverage,Short-form Cricket Content,Spin & Swing,No
YouTube,@spinandswing26,Short,Top 5 Runs Scorer in Ipl 2017,https://www.youtube.com/shorts/JEVH2TwUKSs,JEVH2TwUKSs,,419,0,IPL 2026,Independent Fan Coverage,Short-form Cricket Content,Spin & Swing,No
YouTube,@spinandswing26,Video,Rcb Breaks 17 Year Curse | Rcb vs Csk - IPL 2025,https://www.youtube.com/watch?v=p0PSj4NOnag,p0PSj4NOnag,,414,0,IPL 2026,Independent Fan Coverage,Short-form Cricket Content,"Royal Challengers Bengaluru (RCB), Chennai Super Kings (CSK)",No
YouTube,@spinandswing26,Short,Numbers of international wickets taken by these players,https://www.youtube.com/shorts/O77YiWTsPrY,O77YiWTsPrY,,411,0,General Cricket Trivia Series,Independent Fan Coverage,Short-form Cricket Content,Spin & Swing,No
YouTube,@spinandswing26,Short,Top 5 Runs Scorer in Ipl 2022 | Pt 2,https://www.youtube.com/shorts/KwcOjfk_rhA,KwcOjfk_rhA,,408,0,IPL 2026,Independent Fan Coverage,Short-form Cricket Content,Spin & Swing,No
YouTube,@abhishekunseen26,Video,Reality of Indian Media | Episode 1,https://www.youtube.com/watch?v=rxXZlZMQia0,rxXZlZMQia0,2025-02-21,407,0,Creator Journey & Vlogs (Abhishek Unseen),Creator Studio / Personal,Short-form Cricket Content,Abhishek Unseen,No
YouTube,@spinandswing26,Video,"IPL Preview Part 1 | GT , RCB , RR , SRH , MI – IPL 2026 | Spin & Swing ",https://www.youtube.com/watch?v=tebTASb2Hc8,tebTASb2Hc8,,394,0,IPL 2026,Independent Fan Coverage,Short-form Cricket Content,"Gujarat Titans (GT), Mumbai Indians (MI), Royal Challengers Bengaluru (RCB), Sunrisers Hyderabad (SRH)",No
YouTube,@spinandswing26,Short,MI VS KKR ROAST | IPL 2024,https://www.youtube.com/shorts/5-sBNxUKPvY,5-sBNxUKPvY,,392,0,IPL 2026,Independent Fan Coverage,Short-form Cricket Content,"Mumbai Indians (MI), Kolkata Knight Riders (KKR)",No
YouTube,@spinandswing26,Video,We are World Champions !! | India vs South Africa Final,https://www.youtube.com/watch?v=IwFYRRHbSGI,IwFYRRHbSGI,,384,0,Cricket Coverage & Commentary,Independent Fan Coverage,Short-form Cricket Content,Spin & Swing,No
YouTube,@spinandswing26,Video,Season Choker Rajasthan | Rr vs Lsg | Gt vs Dc - Spin & Swing,https://www.youtube.com/watch?v=Xp6jl-sPNPA,Xp6jl-sPNPA,,381,0,IPL 2026,Independent Fan Coverage,Short-form Cricket Content,Gujarat Titans (GT),No
YouTube,@spinandswing26,Video,Last Over match | Mi vs Gt - IPL 2025 | Spin & Swing,https://www.youtube.com/watch?v=WytEtfWcRzE,WytEtfWcRzE,,379,0,IPL 2026,Independent Fan Coverage,Match Analysis & Tactics,"Gujarat Titans (GT), Mumbai Indians (MI)",No
YouTube,@spinandswing26,Video,MOST EXPENSIVE PLAYER IN IPL HISTORY | MEGA AUCTION 2025,https://www.youtube.com/watch?v=EMS_7pAI9W8,EMS_7pAI9W8,,379,0,IPL 2026,Independent Fan Coverage,Short-form Cricket Content,Spin & Swing,No
YouTube,@abhishekunseen26,Short,Cheating karna aana chahiye 😂 #exam,https://www.youtube.com/shorts/j_UXrxGkUSc,j_UXrxGkUSc,2025-01-09,374,0,Creator Journey & Vlogs (Abhishek Unseen),Creator Studio / Personal,Short-form Cricket Content,Abhishek Unseen,No
YouTube,@spinandswing26,Short,Royal challengers bengaluru ❤️🔥,https://www.youtube.com/shorts/lnaEfUY73Io,lnaEfUY73Io,,366,0,Cricket Coverage & Commentary,Independent Fan Coverage,Short-form Cricket Content,Spin & Swing,No
YouTube,@spinandswing26,Video,YOUTUBE REWIND 2023,https://www.youtube.com/watch?v=1lGDQkNaQcM,1lGDQkNaQcM,,353,0,Cricket Coverage & Commentary,Independent Fan Coverage,Short-form Cricket Content,Spin & Swing,No
YouTube,@abhishekunseen26,Video,FAREWELL VLOG 2023,https://www.youtube.com/watch?v=PSDVqXHYjE4,PSDVqXHYjE4,,347,0,Creator Journey & Vlogs (Abhishek Unseen),Creator Studio / Personal,Behind The Scenes / Vlog,Abhishek Unseen,No
YouTube,@spinandswing26,Video,Disappointing Season for Csk | Csk vs Srh - IPL 2025 | Spin & Swing,https://www.youtube.com/watch?v=065ScOEvwXI,065ScOEvwXI,,346,0,IPL 2026,Independent Fan Coverage,Short-form Cricket Content,"Sunrisers Hyderabad (SRH), Chennai Super Kings (CSK)",No
YouTube,@abhishekunseen26,Video,Har Din Ek Jung | Documentary | Abhishek Pandey,https://www.youtube.com/watch?v=AGbOxWaBhQo,AGbOxWaBhQo,,340,0,Creator Journey & Vlogs (Abhishek Unseen),Creator Studio / Personal,Short-form Cricket Content,Abhishek Unseen,No
YouTube,@abhishekunseen26,Short,Gaye sare paiseee 😭,https://www.youtube.com/shorts/H9yLKetwE5I,H9yLKetwE5I,2025-08-09,334,0,Creator Journey & Vlogs (Abhishek Unseen),Creator Studio / Personal,Short-form Cricket Content,Abhishek Unseen,No
YouTube,@spinandswing26,Video,Ishan Kishan Century | Dhoni Stumping| RR vs SRH | CSK vs MI,https://www.youtube.com/watch?v=22cp2CZLvdY,22cp2CZLvdY,,332,0,IPL 2026,Independent Fan Coverage,Short-form Cricket Content,"Mumbai Indians (MI), Sunrisers Hyderabad (SRH), Chennai Super Kings (CSK)",No
YouTube,@spinandswing26,Video,Rohit Sharma took revenge from Australia | Ind vs Aus,https://www.youtube.com/watch?v=Wm4EVOK1U-I,Wm4EVOK1U-I,,323,0,International Cricket Bilateral,Independent Fan Coverage,Short-form Cricket Content,Spin & Swing,No
YouTube,@spinandswing26,Short,Humari team bhut strong hai !!,https://www.youtube.com/shorts/OdSk1z4Kuak,OdSk1z4Kuak,,319,0,Cricket Coverage & Commentary,Independent Fan Coverage,Short-form Cricket Content,Spin & Swing,No
YouTube,@spinandswing26,Video,HOW MUCH MONEY I EARN FROM YOUTUBE ? | Q&A VIDEO ,https://www.youtube.com/watch?v=vaMFqDatFXQ,vaMFqDatFXQ,,316,0,Creator Journey & Vlogs (Abhishek Unseen),Independent Fan Coverage,Short-form Cricket Content,Spin & Swing,No
YouTube,@spinandswing26,Short,Last tak bata diyaaa !!,https://www.youtube.com/shorts/IZBsEzRpP38,IZBsEzRpP38,,310,0,Cricket Coverage & Commentary,Independent Fan Coverage,Short-form Cricket Content,Spin & Swing,No
YouTube,@abhishekunseen26,Short,Happy Rakshabandhan 😭😭,https://www.youtube.com/shorts/6aJOXOpWMqs,6aJOXOpWMqs,2025-08-09,307,0,Creator Journey & Vlogs (Abhishek Unseen),Creator Studio / Personal,Short-form Cricket Content,Abhishek Unseen,No
YouTube,@spinandswing26,Video,KKR SILENCED CUMMINS 👀🔥 | IPL 2024 FINAL,https://www.youtube.com/watch?v=jG9Qa6VKbEc,jG9Qa6VKbEc,,299,0,IPL 2026,Independent Fan Coverage,Short-form Cricket Content,"Mumbai Indians (MI), Kolkata Knight Riders (KKR)",No
YouTube,@spinandswing26,Short,Feeling sad for Holder !!,https://www.youtube.com/shorts/Z_Syguh4xYU,Z_Syguh4xYU,,291,0,Cricket Coverage & Commentary,Independent Fan Coverage,Short-form Cricket Content,Spin & Swing,No
YouTube,@abhishekunseen26,Short,Ye to abhi suruwat hai !!,https://www.youtube.com/shorts/64q2od4vj8c,64q2od4vj8c,2025-05-29,287,0,Creator Journey & Vlogs (Abhishek Unseen),Creator Studio / Personal,Short-form Cricket Content,Abhishek Unseen,No
YouTube,@spinandswing26,Video,INDIA VS NAMIBIA : ISHAN  SHOW - VLOG 21,https://www.youtube.com/watch?v=E-t0tEl5ajY,E-t0tEl5ajY,,284,0,IPL 2026,Independent Fan Coverage,Behind The Scenes / Vlog,Mumbai Indians (MI),No
YouTube,@spinandswing26,Video,INDIA VS NEW ZEALAND 1ST ODI - PUBLIC REACTION ,https://www.youtube.com/watch?v=0kiF8HrvyYA,0kiF8HrvyYA,,283,0,Cricket Coverage & Commentary,Independent Fan Coverage,Fan Vox Pop & Stadium Reaction,Spin & Swing,No
YouTube,@spinandswing26,Video,Siraj vs Head | India vs Australia - Bgt 2024,https://www.youtube.com/watch?v=iHxpx4w6JRw,iHxpx4w6JRw,,273,0,IPL 2026,Independent Fan Coverage,Short-form Cricket Content,Gujarat Titans (GT),No
YouTube,@spinandswing26,Short,Daddy of pakistan 🗿,https://www.youtube.com/shorts/mZ0hNxWkOPY,mZ0hNxWkOPY,,267,0,Cricket Coverage & Commentary,Independent Fan Coverage,Short-form Cricket Content,Spin & Swing,No
YouTube,@spinandswing26,Short,Guess their International Centuries,https://www.youtube.com/shorts/EuCZJl9dm9o,EuCZJl9dm9o,,265,0,General Cricket Trivia Series,Creator Studio / Digital Production,Short-form Cricket Content,Spin & Swing,No
YouTube,@abhishekunseen26,Short,That one hawabaz friend,https://www.youtube.com/shorts/uLn_Y51SNvc,uLn_Y51SNvc,2025-02-26,263,0,Creator Journey & Vlogs (Abhishek Unseen),Creator Studio / Personal,Short-form Cricket Content,Abhishek Unseen,No
YouTube,@spinandswing26,Video,Punjabi aa gaye oyeee | Pbks vs Mi - IPL 2025 | Spin & Swing,https://www.youtube.com/watch?v=bq4VYSbziEs,bq4VYSbziEs,,259,0,IPL 2026,Independent Fan Coverage,Short-form Cricket Content,Mumbai Indians (MI),No
YouTube,@abhishekunseen26,Video,I Support Samay and Ranveer | India's Got Latent,https://www.youtube.com/watch?v=XD96RODRBQs,XD96RODRBQs,,259,0,Creator Journey & Vlogs (Abhishek Unseen),Creator Studio / Personal,Short-form Cricket Content,Abhishek Unseen,No
YouTube,@spinandswing26,Video,SISTER WEDDING VLOG | VLOG 18 ,https://www.youtube.com/watch?v=HKIH5SB_tdY,HKIH5SB_tdY,,258,0,Creator Journey & Vlogs (Abhishek Unseen),Independent Fan Coverage,Behind The Scenes / Vlog,Spin & Swing,No
YouTube,@spinandswing26,Video,Abhishek Is Next Yuvraj Singh | India vs England T20 series | Spin & swing,https://www.youtube.com/watch?v=DzHwc_6f9bk,DzHwc_6f9bk,,254,0,Cricket Coverage & Commentary,Independent Fan Coverage,Short-form Cricket Content,Spin & Swing,No
YouTube,@spinandswing26,Video,BROTHER'S  ENGAGEMENT  | VLOG 19  ,https://www.youtube.com/watch?v=1Xs6LJeXCrE,1Xs6LJeXCrE,,250,0,Creator Journey & Vlogs (Abhishek Unseen),Independent Fan Coverage,Behind The Scenes / Vlog,Spin & Swing,No
YouTube,@spinandswing26,Video,VIRAT KOHLI VS KKR | IPL 2024,https://www.youtube.com/watch?v=DVlSQHnJCjg,DVlSQHnJCjg,,248,0,IPL 2026,Independent Fan Coverage,Short-form Cricket Content,Kolkata Knight Riders (KKR),No
YouTube,@abhishekunseen26,Video,I Spent 24 Hours in Train | Lucknow to Mumbai ,https://www.youtube.com/watch?v=l6dZTwspqTg,l6dZTwspqTg,,246,0,Creator Journey & Vlogs (Abhishek Unseen),Creator Studio / Personal,Short-form Cricket Content,Abhishek Unseen,No
YouTube,@abhishekunseen26,Short,Yuuuu ka hove h 🤡🥱,https://www.youtube.com/shorts/wYZcWuAnXyQ,wYZcWuAnXyQ,,246,0,Creator Journey & Vlogs (Abhishek Unseen),Creator Studio / Personal,Short-form Cricket Content,Abhishek Unseen,No
YouTube,@abhishekunseen26,Video,This Train Journey Turned Into a Nightmare 💔,https://www.youtube.com/watch?v=bEwKiLsjEBg,bEwKiLsjEBg,,243,0,Creator Journey & Vlogs (Abhishek Unseen),Creator Studio / Personal,Short-form Cricket Content,Abhishek Unseen,No
YouTube,@spinandswing26,Short,India Afghanistan Bhai Bhai | Afg vs ban,https://www.youtube.com/shorts/-ZVP_G0L1JQ,-ZVP_G0L1JQ,,236,0,Cricket Coverage & Commentary,Independent Fan Coverage,Short-form Cricket Content,Spin & Swing,No
YouTube,@spinandswing26,Video,Unstoppable Mumbai Indian | RR vs MI - IPL 2025 | Spin & Swing,https://www.youtube.com/watch?v=IvXttuEFRK4,IvXttuEFRK4,,234,0,IPL 2026,Independent Fan Coverage,Short-form Cricket Content,Mumbai Indians (MI),No
YouTube,@abhishekunseen26,Video,I Faced the Dark Side of Noida | My Flat Story,https://www.youtube.com/watch?v=PiphiyToc2w,PiphiyToc2w,,233,0,Creator Journey & Vlogs (Abhishek Unseen),Creator Studio / Personal,Short-form Cricket Content,Abhishek Unseen,No
YouTube,@spinandswing26,Short,Arshdeep Back in Punjab Kings,https://www.youtube.com/shorts/CpeMp3hmnwM,CpeMp3hmnwM,,229,0,Cricket Coverage & Commentary,Independent Fan Coverage,Short-form Cricket Content,Spin & Swing,No
YouTube,@abhishekunseen26,Video,Mehndi vlog - Abhishek Pandey,https://www.youtube.com/watch?v=WLca64eHRVs,WLca64eHRVs,,226,0,Creator Journey & Vlogs (Abhishek Unseen),Creator Studio / Personal,Behind The Scenes / Vlog,Abhishek Unseen,No
YouTube,@abhishekunseen26,Short,Kya karu bhai 😭😭 | Navratari,https://www.youtube.com/shorts/bdNprZqQyYQ,bdNprZqQyYQ,,225,0,Creator Journey & Vlogs (Abhishek Unseen),Creator Studio / Personal,Short-form Cricket Content,Abhishek Unseen,No
YouTube,@abhishekunseen26,Short,Mehndi vlog,https://www.youtube.com/shorts/nsMR-naYq6U,nsMR-naYq6U,,225,0,Creator Journey & Vlogs (Abhishek Unseen),Creator Studio / Personal,Behind The Scenes / Vlog,Abhishek Unseen,No
YouTube,@spinandswing26,Video,India Seven wickets away from win | Gill 161 | Ind vs Eng | 2nd Test - Day 4 | Spin & Swing,https://www.youtube.com/watch?v=ZLDdRQiJmbc,ZLDdRQiJmbc,,219,0,International Cricket Bilateral,Independent Fan Coverage,Short-form Cricket Content,Spin & Swing,No
YouTube,@abhishekunseen26,Short,Ab kya karu mai tum he batao ?,https://www.youtube.com/shorts/QcNrbs-uZfw,QcNrbs-uZfw,,218,0,Creator Journey & Vlogs (Abhishek Unseen),Creator Studio / Personal,Short-form Cricket Content,Abhishek Unseen,No
YouTube,@abhishekunseen26,Short,Arjun Kapoor Gucchha 😭 #arjunkapoor #arjunkapoormeme,https://www.youtube.com/shorts/j5o8dx-HJx0,j5o8dx-HJx0,,217,0,Creator Journey & Vlogs (Abhishek Unseen),Creator Studio / Personal,Short-form Cricket Content,Abhishek Unseen,No
YouTube,@spinandswing26,Short,Guess the Player,https://www.youtube.com/shorts/ahL7SLQKozI,ahL7SLQKozI,,216,0,General Cricket Trivia Series,Creator Studio / Digital Production,Cricket Trivia & Player Guessing,Spin & Swing,No
YouTube,@abhishekunseen26,Video,Shaadi vlog | Abhishek Extra,https://www.youtube.com/watch?v=lCaUH0Fl2G8,lCaUH0Fl2G8,,216,0,Creator Journey & Vlogs (Abhishek Unseen),Creator Studio / Personal,Behind The Scenes / Vlog,Abhishek Unseen,No
YouTube,@spinandswing26,Video,GT vs MI MATCH DAY - WE LOST !! | VLOG 31,https://www.youtube.com/watch?v=A0OAsmSwhDg,A0OAsmSwhDg,,215,0,IPL 2026,Independent Fan Coverage,Behind The Scenes / Vlog,"Gujarat Titans (GT), Mumbai Indians (MI)",No
YouTube,@spinandswing26,Video,MITCHELL STARC ₹24.75 CR 😳😳 | IPL AUCTION 2023,https://www.youtube.com/watch?v=gPmj-vlLg5w,gPmj-vlLg5w,,211,0,IPL 2026,Independent Fan Coverage,Short-form Cricket Content,Mumbai Indians (MI),No
YouTube,@spinandswing26,Short,Kung Fu Pandya 🗿🇮🇳,https://www.youtube.com/shorts/-3oUXHUI1M4,-3oUXHUI1M4,,211,0,Cricket Coverage & Commentary,Independent Fan Coverage,Short-form Cricket Content,Spin & Swing,No
YouTube,@spinandswing26,Video,India's First Victory in T20 World Cup  | T20 World Cup 2024,https://www.youtube.com/watch?v=8e3in11m9_I,8e3in11m9_I,,209,0,ICC Men's T20 World Cup 2026,Independent Fan Coverage,Short-form Cricket Content,Spin & Swing,No
YouTube,@spinandswing26,Video,THE WILL JACKS SHOW 🔥 | RCB VS GT 2024,https://www.youtube.com/watch?v=3_Ay5OePIBk,3_Ay5OePIBk,,209,0,IPL 2026,Independent Fan Coverage,Short-form Cricket Content,"Gujarat Titans (GT), Royal Challengers Bengaluru (RCB)",No
YouTube,@spinandswing26,Video,Akashdeep & Bumrah Saved Follow On | Ind vs Aus,https://www.youtube.com/watch?v=0wlPociCecY,0wlPociCecY,,201,0,International Cricket Bilateral,Independent Fan Coverage,Short-form Cricket Content,Spin & Swing,No
YouTube,@spinandswing26,Video,Mohammad Siraj Six Wickets haul | Dsp vs England | Day 3 Second test | Spin & Swing,https://www.youtube.com/watch?v=uDugTLsN5Zk,uDugTLsN5Zk,,200,0,Cricket Coverage & Commentary,Independent Fan Coverage,Short-form Cricket Content,Spin & Swing,No
YouTube,@abhishekunseen26,Short,माँ 💗🥹,https://www.youtube.com/shorts/RoMOY4QJpPY,RoMOY4QJpPY,,199,0,Creator Journey & Vlogs (Abhishek Unseen),Creator Studio / Personal,Short-form Cricket Content,Abhishek Unseen,No
YouTube,@spinandswing26,Short,Gambhir vs Vicky | Who has more followers ?,https://www.youtube.com/shorts/xWkTEowMkIU,xWkTEowMkIU,,198,0,Cricket Coverage & Commentary,Independent Fan Coverage,Short-form Cricket Content,Spin & Swing,No
YouTube,@spinandswing26,Video,Dc crushed Lsg in Lucknow | Lsg vs Dc - IPL 2025 | Spin & Swing,https://www.youtube.com/watch?v=P98MIpGLVzs,P98MIpGLVzs,,193,0,IPL 2026,Independent Fan Coverage,Short-form Cricket Content,Spin & Swing,No
YouTube,@spinandswing26,Short,Top 5 Runs Scorer in Ipl 2018,https://www.youtube.com/shorts/9BhDvpbkglQ,9BhDvpbkglQ,,193,0,IPL 2026,Independent Fan Coverage,Short-form Cricket Content,Spin & Swing,No
YouTube,@spinandswing26,Video,INDIA VS NETHERLAND - VLOG 22 ,https://www.youtube.com/watch?v=p9vvQksLCHk,p9vvQksLCHk,,192,0,Creator Journey & Vlogs (Abhishek Unseen),Independent Fan Coverage,Behind The Scenes / Vlog,Spin & Swing,No
YouTube,@abhishekunseen26,Video,My first flight experience | Vlog 27,https://www.youtube.com/watch?v=iyuBz_bG-2s,iyuBz_bG-2s,,192,0,Creator Journey & Vlogs (Abhishek Unseen),Creator Studio / Personal,Behind The Scenes / Vlog,Abhishek Unseen,No
YouTube,@abhishekunseen26,Short,Masti nahi rukni chahiye,https://www.youtube.com/shorts/U0TJqw9_vaY,U0TJqw9_vaY,,192,0,Creator Journey & Vlogs (Abhishek Unseen),Creator Studio / Personal,Short-form Cricket Content,Abhishek Unseen,No
YouTube,@abhishekunseen26,Short,Laxmi Nagar 🥲🥲,https://www.youtube.com/shorts/JBhq5kDfHv8,JBhq5kDfHv8,,192,0,IPL 2026,Creator Studio / Personal,Short-form Cricket Content,Mumbai Indians (MI),No
YouTube,@spinandswing26,Video,India all out on 46 | India vs New Zealand Day -2,https://www.youtube.com/watch?v=C8mjvHmxTMc,C8mjvHmxTMc,,191,0,Cricket Coverage & Commentary,Independent Fan Coverage,Short-form Cricket Content,Spin & Swing,No
YouTube,@spinandswing26,Video,WE ARE WORLD CHAMPIONS 🇮🇳 | IND VS NZ - VLOG 25,https://www.youtube.com/watch?v=WizQwmSPtdI,WizQwmSPtdI,,190,0,Creator Journey & Vlogs (Abhishek Unseen),Independent Fan Coverage,Behind The Scenes / Vlog,Spin & Swing,No
YouTube,@spinandswing26,Video,INDIA VS SOUTH AFRICA T20 WORLD CUP | VLOG 24 ,https://www.youtube.com/watch?v=5W8FJrjXXOw,5W8FJrjXXOw,,189,0,ICC Men's T20 World Cup 2026,Independent Fan Coverage,Behind The Scenes / Vlog,Spin & Swing,No
YouTube,@abhishekunseen26,Video,Haldi Vlog - Abhishek Pandey,https://www.youtube.com/watch?v=UJLFm4EmgzU,UJLFm4EmgzU,,186,0,Creator Journey & Vlogs (Abhishek Unseen),Creator Studio / Personal,Behind The Scenes / Vlog,Abhishek Unseen,No
YouTube,@spinandswing26,Video,Absolute cinema : Gill vs Crawley | Ind vs Eng 3rd test - Day 3 | Spin & Swing ,https://www.youtube.com/watch?v=bg0oypoVufE,bg0oypoVufE,,183,0,International Cricket Bilateral,Independent Fan Coverage,Short-form Cricket Content,Spin & Swing,No
YouTube,@abhishekunseen26,Video,I Became Doctor for 1 Hours | Abhishek Pandey,https://www.youtube.com/watch?v=TpysKNeTXpE,TpysKNeTXpE,,182,0,Creator Journey & Vlogs (Abhishek Unseen),Creator Studio / Personal,Short-form Cricket Content,Abhishek Unseen,No
YouTube,@spinandswing26,Video,Last Over thriller !! | Rcb vs Csk - IPL 2025 | Spin & Swing,https://www.youtube.com/watch?v=q13u60I7PoI,q13u60I7PoI,,181,0,IPL 2026,Independent Fan Coverage,Short-form Cricket Content,"Royal Challengers Bengaluru (RCB), Chennai Super Kings (CSK)",No
YouTube,@abhishekunseen26,Short,Koi seekha do yr 🥲,https://www.youtube.com/shorts/XITX18N1bMs,XITX18N1bMs,,181,0,Creator Journey & Vlogs (Abhishek Unseen),Creator Studio / Personal,Short-form Cricket Content,Abhishek Unseen,No
YouTube,@abhishekunseen26,Short,Trend or what 😛,https://www.youtube.com/shorts/7jFLscyx3SI,7jFLscyx3SI,,181,0,Creator Journey & Vlogs (Abhishek Unseen),Creator Studio / Personal,Short-form Cricket Content,Abhishek Unseen,No
YouTube,@abhishekunseen26,Short,Aise dosti achi nahi hai,https://www.youtube.com/shorts/gd_MgH659Zc,gd_MgH659Zc,,179,0,Creator Journey & Vlogs (Abhishek Unseen),Creator Studio / Personal,Short-form Cricket Content,Abhishek Unseen,No
YouTube,@abhishekunseen26,Video,A day with my siblings,https://www.youtube.com/watch?v=ZBQLWByxCtk,ZBQLWByxCtk,,177,0,Creator Journey & Vlogs (Abhishek Unseen),Creator Studio / Personal,Short-form Cricket Content,Abhishek Unseen,No
YouTube,@spinandswing26,Video,Can this team win Champions Trophy ?? | Spin & Swing,https://www.youtube.com/watch?v=BUc1galSKaA,BUc1galSKaA,,174,0,Cricket Coverage & Commentary,Independent Fan Coverage,Short-form Cricket Content,Spin & Swing,No
YouTube,@abhishekunseen26,Video,Demon Slayer Infinity Castle Movie Vlog ! ,https://www.youtube.com/watch?v=nnZrSLjgK3A,nnZrSLjgK3A,,174,0,Creator Journey & Vlogs (Abhishek Unseen),Creator Studio / Personal,Behind The Scenes / Vlog,Abhishek Unseen,No
YouTube,@abhishekunseen26,Short,My First Mini vlog | #01,https://www.youtube.com/shorts/1bl1AVI_vWU,1bl1AVI_vWU,,172,0,IPL 2026,Creator Studio / Personal,Behind The Scenes / Vlog,Mumbai Indians (MI),No
YouTube,@spinandswing26,Video,"IPL Preview Part 2 | CSK . LSG , DC , PBKS , KKR - IPL 2026 | Spin & Swing ",https://www.youtube.com/watch?v=QUXWg3M_tCc,QUXWg3M_tCc,,164,0,IPL 2026,Independent Fan Coverage,Short-form Cricket Content,"Chennai Super Kings (CSK), Kolkata Knight Riders (KKR)",No
YouTube,@spinandswing26,Video,Can India Win T20 World Cup 2026 | Public Reaction on Squad ,https://www.youtube.com/watch?v=s0dwXD7Lcxs,s0dwXD7Lcxs,,164,0,ICC Men's T20 World Cup 2026,Creator Studio / Digital Production,Fan Vox Pop & Stadium Reaction,Spin & Swing,No
YouTube,@abhishekunseen26,Short,Dost ho to aisa 😼,https://www.youtube.com/shorts/6F0556ZGNTY,6F0556ZGNTY,,164,0,Creator Journey & Vlogs (Abhishek Unseen),Creator Studio / Personal,Short-form Cricket Content,Abhishek Unseen,No
YouTube,@abhishekunseen26,Short,Hum ladke hai humare sath aisa he hota hai,https://www.youtube.com/shorts/A6Mm0Lsv8js,A6Mm0Lsv8js,,162,0,Creator Journey & Vlogs (Abhishek Unseen),Creator Studio / Personal,Short-form Cricket Content,Abhishek Unseen,No
YouTube,@spinandswing26,Short,Cricket expert ki tarah aata hai,https://www.youtube.com/shorts/U8K-jcfNn4U,U8K-jcfNn4U,,161,0,Cricket Coverage & Commentary,Independent Fan Coverage,Short-form Cricket Content,Spin & Swing,No
YouTube,@spinandswing26,Video,Bum Bum Bumrah !!  | India vs Pakistan | T20 World Cup,https://www.youtube.com/watch?v=lSN2tp1b9h4,lSN2tp1b9h4,,160,0,ICC Men's T20 World Cup 2026,Independent Fan Coverage,Short-form Cricket Content,Spin & Swing,No
YouTube,@spinandswing26,Video,CRICKET REWIND 2025  ,https://www.youtube.com/watch?v=LFkmdkpRU9I,LFkmdkpRU9I,,157,0,Cricket Coverage & Commentary,Independent Fan Coverage,Short-form Cricket Content,Spin & Swing,No
YouTube,@spinandswing26,Video,Rcb - The Champions of IPL 2025 | Pbks vs Rcb | Spin & Swing,https://www.youtube.com/watch?v=ojiCYQrR9cg,ojiCYQrR9cg,,156,0,IPL 2026,Independent Fan Coverage,Short-form Cricket Content,Royal Challengers Bengaluru (RCB),No
YouTube,@spinandswing26,Video,ONE - SIDED MATCH FOR INDIA ! | IND VS PAK T20 WORLD CUP 2026 ,https://www.youtube.com/watch?v=ZNjFL37t05c,ZNjFL37t05c,,152,0,ICC Men's T20 World Cup 2026,Independent Fan Coverage,Match Analysis & Tactics,Spin & Swing,No
YouTube,@spinandswing26,Video,PBKS VS GT MATCH DAY - VLOG 26 ,https://www.youtube.com/watch?v=JYfWUJXHZ1c,JYfWUJXHZ1c,,151,0,IPL 2026,Independent Fan Coverage,Behind The Scenes / Vlog,Gujarat Titans (GT),No
YouTube,@spinandswing26,Video,Shubman Gill Brilliant 269 | Ind vs Eng 2 test | Day 2 - Spin & Swing,https://www.youtube.com/watch?v=_Yi9o7Z2cck,_Yi9o7Z2cck,,151,0,International Cricket Bilateral,Independent Fan Coverage,Short-form Cricket Content,Spin & Swing,No
YouTube,@abhishekunseen26,Short,Essay mai bhi likh dunga 😭👍,https://www.youtube.com/shorts/rpMS4CI_HVY,rpMS4CI_HVY,,150,0,Creator Journey & Vlogs (Abhishek Unseen),Creator Studio / Personal,Short-form Cricket Content,Abhishek Unseen,No
YouTube,@abhishekunseen26,Video,RAKSHA BANDHAN VLOG | VLOG 29  ,https://www.youtube.com/watch?v=k-Z8bCq8Ddc,k-Z8bCq8Ddc,,148,0,Creator Journey & Vlogs (Abhishek Unseen),Creator Studio / Personal,Behind The Scenes / Vlog,Abhishek Unseen,No
YouTube,@spinandswing26,Video,INDIA VS WEST INDIES 2nd TEST | VLOG 16 ,https://www.youtube.com/watch?v=DbkigMTRPfc,DbkigMTRPfc,,147,0,Creator Journey & Vlogs (Abhishek Unseen),Independent Fan Coverage,Behind The Scenes / Vlog,Spin & Swing,No
YouTube,@spinandswing26,Video,Vaibhav Suryavanshi hits record - breaking 100 | RR vs GT - IPL 2025 | Spin & Swing,https://www.youtube.com/watch?v=kpyG8OeGDaI,kpyG8OeGDaI,,147,0,IPL 2026,Independent Fan Coverage,Short-form Cricket Content,Gujarat Titans (GT),No
YouTube,@abhishekunseen26,Video,Most Expensive Shoes in India | Vlog - 7,https://www.youtube.com/watch?v=EozpqLliIOA,EozpqLliIOA,,145,0,Creator Journey & Vlogs (Abhishek Unseen),Creator Studio / Personal,Behind The Scenes / Vlog,Abhishek Unseen,No
YouTube,@abhishekunseen26,Short,Metro se he pareshan hu 🤧👍,https://www.youtube.com/shorts/KtAbReB3zJs,KtAbReB3zJs,,145,0,Creator Journey & Vlogs (Abhishek Unseen),Creator Studio / Personal,Short-form Cricket Content,Abhishek Unseen,No
YouTube,@spinandswing26,Video,Bapu on fire ! Revenge completed| India vs England 2024,https://www.youtube.com/watch?v=5z_bPkBpZtQ,5z_bPkBpZtQ,,143,0,Cricket Coverage & Commentary,Independent Fan Coverage,Short-form Cricket Content,Spin & Swing,No
YouTube,@spinandswing26,Short,Williamson vs Smith,https://www.youtube.com/shorts/gYqGeZtyat0,gYqGeZtyat0,,143,0,IPL 2026,Independent Fan Coverage,Short-form Cricket Content,Mumbai Indians (MI),No
YouTube,@abhishekunseen26,Video,A DAY IN MY VILLAGE 🏡 ,https://www.youtube.com/watch?v=0D-kOxk64vI,0D-kOxk64vI,,142,0,Creator Journey & Vlogs (Abhishek Unseen),Creator Studio / Personal,Short-form Cricket Content,Abhishek Unseen,No
YouTube,@spinandswing26,Video,Rcb dominating on CSK ?? | Part -2,https://www.youtube.com/watch?v=41SEelCfjyw,41SEelCfjyw,,139,0,IPL 2026,Independent Fan Coverage,Short-form Cricket Content,"Mumbai Indians (MI), Royal Challengers Bengaluru (RCB), Chennai Super Kings (CSK)",No
YouTube,@spinandswing26,Video,THALA FOR A REASON | RCB VS CSK | IPL 2024,https://www.youtube.com/watch?v=TNrnKNziacY,TNrnKNziacY,,136,0,IPL 2026,Independent Fan Coverage,Short-form Cricket Content,"Royal Challengers Bengaluru (RCB), Chennai Super Kings (CSK)",No
YouTube,@abhishekunseen26,Short,Flower nahi Wildfire hai mai,https://www.youtube.com/shorts/aEifmwOJN7c,aEifmwOJN7c,,136,0,Creator Journey & Vlogs (Abhishek Unseen),Creator Studio / Personal,Short-form Cricket Content,Abhishek Unseen,No
YouTube,@spinandswing26,Video,Virat Kohli vs Punjab Kings | Rcb vs Pbks | Mi vs Csk - IPL 2025 | Spin & Swing,https://www.youtube.com/watch?v=NRLHv0hBoEU,NRLHv0hBoEU,,135,0,IPL 2026,Independent Fan Coverage,Short-form Cricket Content,"Mumbai Indians (MI), Royal Challengers Bengaluru (RCB), Chennai Super Kings (CSK)",No
YouTube,@abhishekunseen26,Video,Janeu Vlog | Vlog 21,https://www.youtube.com/watch?v=5adlYxE8t_8,5adlYxE8t_8,,131,0,Creator Journey & Vlogs (Abhishek Unseen),Creator Studio / Personal,Behind The Scenes / Vlog,Abhishek Unseen,No
YouTube,@spinandswing26,Video,Siraj Revenge Completed | Rcb vs Gt - IPL 2025 | Spin & Swing,https://www.youtube.com/watch?v=h7K_6zaKeCs,h7K_6zaKeCs,,130,0,IPL 2026,Independent Fan Coverage,Short-form Cricket Content,"Gujarat Titans (GT), Royal Challengers Bengaluru (RCB)",No
YouTube,@spinandswing26,Video,3-1 in South Africa | Ind vs Sa - T20 Series,https://www.youtube.com/watch?v=ALRj9oLZpZw,ALRj9oLZpZw,,130,0,Cricket Coverage & Commentary,Independent Fan Coverage,Short-form Cricket Content,Spin & Swing,No
YouTube,@spinandswing26,Video,Central Delhi Vs Outer Delhi Match | Mayak Yadav - DPL 2026 ,https://www.youtube.com/watch?v=iVyg54KQIwE,iVyg54KQIwE,,129,0,DPL 2026 (Delhi Premier League),Accredited (DPL Field-of-Play Media Pass),Match Analysis & Tactics,"Central Delhi Kings, Outer Delhi",No
YouTube,@spinandswing26,Video,BACK TO BACK 3 CENTURY | IND VS WI TEST DAY 2 | VLOG 14 ,https://www.youtube.com/watch?v=x8Z08OX_ha8,x8Z08OX_ha8,,128,0,Creator Journey & Vlogs (Abhishek Unseen),Independent Fan Coverage,Behind The Scenes / Vlog,Spin & Swing,No
YouTube,@abhishekunseen26,Video,NXT EVENT 2025 | VLOG 17,https://www.youtube.com/watch?v=1yoRLy3lgZQ,1yoRLy3lgZQ,,122,0,Creator Journey & Vlogs (Abhishek Unseen),Creator Studio / Personal,Behind The Scenes / Vlog,Abhishek Unseen,No
YouTube,@spinandswing26,Video,England Bounce back !! | Who is going up 2-1 ? | Ind vs Eng 3rd Test - Day 4 | Spin & Swing ,https://www.youtube.com/watch?v=hGpOQkzsf94,hGpOQkzsf94,,121,0,International Cricket Bilateral,Independent Fan Coverage,Short-form Cricket Content,Spin & Swing,No
YouTube,@abhishekunseen26,Short,Episode 1 : Exploring Ganesh Chaturthi in Mumbai,https://www.youtube.com/shorts/RYQyXJaL1Ow,RYQyXJaL1Ow,,118,0,Creator Journey & Vlogs (Abhishek Unseen),Creator Studio / Personal,Short-form Cricket Content,Abhishek Unseen,No
YouTube,@spinandswing26,Video,ONE SIDED WIN | INDIA VS WEST INDIES | 1st TEST MATCH - VLOG 15 ,https://www.youtube.com/watch?v=B-H9Gmz8ASc,B-H9Gmz8ASc,,117,0,Creator Journey & Vlogs (Abhishek Unseen),Independent Fan Coverage,Behind The Scenes / Vlog,Spin & Swing,No
YouTube,@spinandswing26,Video,Afghanistan into the Semi - Final | Afg vs Ban,https://www.youtube.com/watch?v=Ubd8yxHYpfQ,Ubd8yxHYpfQ,,116,0,IPL 2026,Independent Fan Coverage,Short-form Cricket Content,Mumbai Indians (MI),No
YouTube,@abhishekunseen26,Video,Delhi to Lucknow | Vlog 4,https://www.youtube.com/watch?v=QCB4sCbTOww,QCB4sCbTOww,,116,0,Creator Journey & Vlogs (Abhishek Unseen),Creator Studio / Personal,Behind The Scenes / Vlog,Abhishek Unseen,No
YouTube,@spinandswing26,Video,Virat Kohli Retires from Test Cricket | Spin & Swing,https://www.youtube.com/watch?v=ZZ2nv721kS8,ZZ2nv721kS8,,115,0,Cricket Coverage & Commentary,Independent Fan Coverage,Short-form Cricket Content,Spin & Swing,No
YouTube,@spinandswing26,Short,Sab galat galat bataya hai,https://www.youtube.com/shorts/2tptnTQX2-Q,2tptnTQX2-Q,,114,0,Cricket Coverage & Commentary,Independent Fan Coverage,Short-form Cricket Content,Spin & Swing,No
YouTube,@spinandswing26,Video,RCB Destroy Kkr | KKR vs RCB - IPL 2025,https://www.youtube.com/watch?v=fbNsx-bDm9o,fbNsx-bDm9o,,113,0,IPL 2026,Independent Fan Coverage,Short-form Cricket Content,"Royal Challengers Bengaluru (RCB), Kolkata Knight Riders (KKR)",No
YouTube,@abhishekunseen26,Video,De De Pyaar De 2 Movie | Vlog 35,https://www.youtube.com/watch?v=1Pan6DoDJJI,1Pan6DoDJJI,,113,0,Creator Journey & Vlogs (Abhishek Unseen),Creator Studio / Personal,Behind The Scenes / Vlog,Abhishek Unseen,No
YouTube,@abhishekunseen26,Short,You me and night out,https://www.youtube.com/shorts/oqeKvpelj_0,oqeKvpelj_0,,113,0,Creator Journey & Vlogs (Abhishek Unseen),Creator Studio / Personal,Short-form Cricket Content,Abhishek Unseen,No
YouTube,@spinandswing26,Video,Rcb Into the Final | Rcb vs Pbks - IPL 2025 | Spin & Swing,https://www.youtube.com/watch?v=iTnp0KPRgG4,iTnp0KPRgG4,,112,0,IPL 2026,Independent Fan Coverage,Short-form Cricket Content,Royal Challengers Bengaluru (RCB),No
YouTube,@abhishekunseen26,Video,A day with my siblings | Part 2 | Vlog 22,https://www.youtube.com/watch?v=5_W5_kCunZI,5_W5_kCunZI,,111,0,Creator Journey & Vlogs (Abhishek Unseen),Creator Studio / Personal,Behind The Scenes / Vlog,Abhishek Unseen,No
YouTube,@spinandswing26,Video,WILL INDIA DEFEND THIS WORLD CUP ?? | Ft : @cricsinghofficial ,https://www.youtube.com/watch?v=-oaCI3LfJVo,-oaCI3LfJVo,,110,0,ICC Men's T20 World Cup 2026,Independent Fan Coverage,Short-form Cricket Content,Spin & Swing,No
YouTube,@spinandswing26,Video,Gully Cricket Test match | Vlog 3,https://www.youtube.com/watch?v=2Vvchuz4nbI,2Vvchuz4nbI,,110,0,Creator Journey & Vlogs (Abhishek Unseen),Independent Fan Coverage,Behind The Scenes / Vlog,Spin & Swing,No
YouTube,@spinandswing26,Video,Gully Cricket  | Bhai vs Bhai,https://www.youtube.com/watch?v=Uop4VYNbI8A,Uop4VYNbI8A,,110,0,Cricket Coverage & Commentary,Independent Fan Coverage,Short-form Cricket Content,Spin & Swing,No
YouTube,@abhishekunseen26,Video,Diwali Vlog - Part 2,https://www.youtube.com/watch?v=HQKpwZBPeuo,HQKpwZBPeuo,,110,0,Creator Journey & Vlogs (Abhishek Unseen),Creator Studio / Personal,Behind The Scenes / Vlog,Abhishek Unseen,No
YouTube,@spinandswing26,Video,Virat vs Virat | Turf Cricket Vlog 4 | @SpinandSwing26,https://www.youtube.com/watch?v=9VnjVYdvKy8,9VnjVYdvKy8,,109,0,Creator Journey & Vlogs (Abhishek Unseen),Independent Fan Coverage,Behind The Scenes / Vlog,Spin & Swing,No
YouTube,@spinandswing26,Video,Abhishek Sharma Show | Ind vs Zim 2024,https://www.youtube.com/watch?v=uf70zKgZljE,uf70zKgZljE,,109,0,Cricket Coverage & Commentary,Independent Fan Coverage,Short-form Cricket Content,Spin & Swing,No
YouTube,@abhishekunseen26,Short,Mummy firse mar di 😭😭,https://www.youtube.com/shorts/_NZr3DwfhPk,_NZr3DwfhPk,,109,0,Creator Journey & Vlogs (Abhishek Unseen),Creator Studio / Personal,Short-form Cricket Content,Abhishek Unseen,No
YouTube,@spinandswing26,Video,England won by 22 runs | Heartbreak !! | Ind vs Eng 3rd Test - Day 5 | Spin & Swing ,https://www.youtube.com/watch?v=Gq9L5Zj2tqA,Gq9L5Zj2tqA,,106,0,International Cricket Bilateral,Independent Fan Coverage,Short-form Cricket Content,Spin & Swing,No
YouTube,@spinandswing26,Short,Kya karu mai is ldki ka 😞,https://www.youtube.com/shorts/LeAOjFxnBfI,LeAOjFxnBfI,,105,0,Cricket Coverage & Commentary,Independent Fan Coverage,Short-form Cricket Content,Spin & Swing,No
YouTube,@abhishekunseen26,Short,Demon Slayer: Infinity Castle,https://www.youtube.com/shorts/YE7U7diZZ8s,YE7U7diZZ8s,,104,0,Creator Journey & Vlogs (Abhishek Unseen),Creator Studio / Personal,Short-form Cricket Content,Abhishek Unseen,No
YouTube,@spinandswing26,Video,CRICKET REWIND 2024,https://www.youtube.com/watch?v=w80x6xOJvZE,w80x6xOJvZE,,103,0,Cricket Coverage & Commentary,Independent Fan Coverage,Short-form Cricket Content,Spin & Swing,No
YouTube,@abhishekunseen26,Video,Money Heist Season 6 | Vlog 20,https://www.youtube.com/watch?v=0NqiejRxC5A,0NqiejRxC5A,,102,0,Creator Journey & Vlogs (Abhishek Unseen),Creator Studio / Personal,Behind The Scenes / Vlog,Abhishek Unseen,No
YouTube,@spinandswing26,Short,Pakistan Cricket Ground Condition #championstrophy2025 #pakistan #cricket,https://www.youtube.com/shorts/SXPhxIoTfDM,SXPhxIoTfDM,,101,0,Cricket Coverage & Commentary,Independent Fan Coverage,Short-form Cricket Content,Spin & Swing,No
YouTube,@abhishekunseen26,Video,Chandni Chowk Market | Vlog 34 ,https://www.youtube.com/watch?v=B_BF4WGAyuI,B_BF4WGAyuI,,100,0,Creator Journey & Vlogs (Abhishek Unseen),Creator Studio / Personal,Behind The Scenes / Vlog,Abhishek Unseen,No
YouTube,@abhishekunseen26,Video,Live Reporting Competition | Parul University ,https://www.youtube.com/watch?v=H9yNRbNpEis,H9yNRbNpEis,,99,0,Creator Journey & Vlogs (Abhishek Unseen),Creator Studio / Personal,Short-form Cricket Content,Abhishek Unseen,No
YouTube,@abhishekunseen26,Video,EXPLORING GANESH CHATURTHI IN MUMBAI 2025 | Lalbaugcha Raja | Chinchpoklicha Chintamani Raja | VLOG ,https://www.youtube.com/watch?v=v9RIrIKPqCU,v9RIrIKPqCU,,99,0,Creator Journey & Vlogs (Abhishek Unseen),Creator Studio / Personal,Behind The Scenes / Vlog,Abhishek Unseen,No
YouTube,@abhishekunseen26,Video,A Day With My Sister in Lucknow | Vlog 28 ,https://www.youtube.com/watch?v=LUpF7zFxDZ8,LUpF7zFxDZ8,,99,0,Creator Journey & Vlogs (Abhishek Unseen),Creator Studio / Personal,Behind The Scenes / Vlog,Abhishek Unseen,No
YouTube,@abhishekunseen26,Short,Lalbaug Charaja 🥺❤️,https://www.youtube.com/shorts/EbBdNXb5-wI,EbBdNXb5-wI,,98,0,Creator Journey & Vlogs (Abhishek Unseen),Creator Studio / Personal,Short-form Cricket Content,Abhishek Unseen,No
YouTube,@abhishekunseen26,Video,College Vlog - Masti rukni nahi chahiye,https://www.youtube.com/watch?v=dv1VpmrLQw8,dv1VpmrLQw8,,97,0,Creator Journey & Vlogs (Abhishek Unseen),Creator Studio / Personal,Behind The Scenes / Vlog,Abhishek Unseen,No
YouTube,@abhishekunseen26,Video,Navratri Vlog in Ahmedabad | Garba | Day 1 ,https://www.youtube.com/watch?v=NaBvT8s7q3s,NaBvT8s7q3s,,96,0,Creator Journey & Vlogs (Abhishek Unseen),Creator Studio / Personal,Behind The Scenes / Vlog,Abhishek Unseen,No
YouTube,@spinandswing26,Video,Gabba Test Draw |  1 - 1  | BGT 2024 - IND VS AUS,https://www.youtube.com/watch?v=sdT8ADzWGtI,sdT8ADzWGtI,,93,0,IPL 2026,Independent Fan Coverage,Short-form Cricket Content,Gujarat Titans (GT),No
YouTube,@abhishekunseen26,Video,University Visit | Vlog 18,https://www.youtube.com/watch?v=idh4hY-WY_0,idh4hY-WY_0,,93,0,Creator Journey & Vlogs (Abhishek Unseen),Creator Studio / Personal,Behind The Scenes / Vlog,Abhishek Unseen,No
YouTube,@abhishekunseen26,Video,Diwali Vlog,https://www.youtube.com/watch?v=tO8jMHhGr8I,tO8jMHhGr8I,,93,0,Creator Journey & Vlogs (Abhishek Unseen),Creator Studio / Personal,Behind The Scenes / Vlog,Abhishek Unseen,No
YouTube,@spinandswing26,Video,Mi won by 20 runs | Mi vs Gt Eliminator - IPL 2025 | Spin & Swing,https://www.youtube.com/watch?v=r4WooZ0PSCQ,r4WooZ0PSCQ,,92,0,IPL 2026,Independent Fan Coverage,Short-form Cricket Content,"Gujarat Titans (GT), Mumbai Indians (MI)",No
YouTube,@abhishekunseen26,Short,Episode 4 : Lalbaugcha Raja 🙏🏻👑,https://www.youtube.com/shorts/0_d46gj8-2w,0_d46gj8-2w,,92,0,Creator Journey & Vlogs (Abhishek Unseen),Creator Studio / Personal,Short-form Cricket Content,Abhishek Unseen,No
YouTube,@spinandswing26,Video,No jasprit Bumrah in Champions trophy | Spin & Swing,https://www.youtube.com/watch?v=B4AAcqXtHK8,B4AAcqXtHK8,,90,0,Cricket Coverage & Commentary,Independent Fan Coverage,Short-form Cricket Content,Spin & Swing,No
YouTube,@abhishekunseen26,Short,सुखकर्ता दुखहर्ता वार्ता विघ्नाची 🙏🏻,https://www.youtube.com/shorts/CgOUE3X7OTE,CgOUE3X7OTE,,90,0,Creator Journey & Vlogs (Abhishek Unseen),Creator Studio / Personal,Short-form Cricket Content,Abhishek Unseen,No
YouTube,@spinandswing26,Video,Tuta hai Edgbaston ka ghamand | India's Historic Victory | Spin & Swing,https://www.youtube.com/watch?v=MmDH949Zah4,MmDH949Zah4,,89,0,Cricket Coverage & Commentary,Independent Fan Coverage,Short-form Cricket Content,Spin & Swing,No
YouTube,@spinandswing26,Video,Ashwani Kumar 4 Wicket | Kkr vs Mi - IPL 2025 | Spin & Swing,https://www.youtube.com/watch?v=rHhqVsE0Cf0,rHhqVsE0Cf0,,89,0,IPL 2026,Independent Fan Coverage,Short-form Cricket Content,"Mumbai Indians (MI), Kolkata Knight Riders (KKR)",No
YouTube,@abhishekunseen26,Video,Delhi to Ahmedabad for IPL 2025 | Vlog 23,https://www.youtube.com/watch?v=6bywd4O0Yl8,6bywd4O0Yl8,,89,0,IPL 2026,Creator Studio / Personal,Behind The Scenes / Vlog,Abhishek Unseen,No
YouTube,@abhishekunseen26,Short,Ganesh Chaturthi 2025,https://www.youtube.com/shorts/359E_sft1UI,359E_sft1UI,,88,0,Creator Journey & Vlogs (Abhishek Unseen),Creator Studio / Personal,Short-form Cricket Content,Abhishek Unseen,No
YouTube,@spinandswing26,Video,Pant back to back hundred | Rahul Hundred | Ind vs Eng - Day 4 | Spin & Swing,https://www.youtube.com/watch?v=8EH3H27KkYM,8EH3H27KkYM,,85,0,International Cricket Bilateral,Independent Fan Coverage,Short-form Cricket Content,Spin & Swing,No
YouTube,@spinandswing26,Short,Hawa me ghuma diya,https://www.youtube.com/shorts/FTFq-nEAUzw,FTFq-nEAUzw,,85,0,Cricket Coverage & Commentary,Independent Fan Coverage,Short-form Cricket Content,Spin & Swing,No
YouTube,@spinandswing26,Video,RCB Home Venue Curse ! | Rcb vs Pbks - IPL 2025 | Spin & Swing,https://www.youtube.com/watch?v=V7jLazWiVYI,V7jLazWiVYI,,83,0,IPL 2026,Independent Fan Coverage,Short-form Cricket Content,Royal Challengers Bengaluru (RCB),No
YouTube,@spinandswing26,Video,Can we do 3 - 0 | Turf Cricket | Part - 2,https://www.youtube.com/watch?v=N11LQeRE4R4,N11LQeRE4R4,,83,0,Cricket Coverage & Commentary,Independent Fan Coverage,Short-form Cricket Content,Spin & Swing,No
YouTube,@abhishekunseen26,Short,Hardik bhai kaise invite karege,https://www.youtube.com/shorts/Kqnz8GwHRTg,Kqnz8GwHRTg,,83,0,Creator Journey & Vlogs (Abhishek Unseen),Creator Studio / Personal,Short-form Cricket Content,Abhishek Unseen,No
YouTube,@spinandswing26,Video,Unbeaten South Africa into the final | Afg vs Sa,https://www.youtube.com/watch?v=nr1EKsdnIOs,nr1EKsdnIOs,,82,0,Cricket Coverage & Commentary,Independent Fan Coverage,Short-form Cricket Content,Spin & Swing,No
YouTube,@abhishekunseen26,Video,Eating Challenge with bhaiya | Vlog 25,https://www.youtube.com/watch?v=pm2SmT4mgNw,pm2SmT4mgNw,,80,0,Creator Journey & Vlogs (Abhishek Unseen),Creator Studio / Personal,Behind The Scenes / Vlog,Abhishek Unseen,No
YouTube,@spinandswing26,Video,ICC CHAMPIONS TROPHY 2025,https://www.youtube.com/watch?v=rQCyacFJ36M,rQCyacFJ36M,,78,0,Cricket Coverage & Commentary,Independent Fan Coverage,Short-form Cricket Content,Spin & Swing,No
YouTube,@spinandswing26,Video,Surya Back In Form | Ind vs Afg,https://www.youtube.com/watch?v=trENp4QhJGk,trENp4QhJGk,,77,0,International Cricket Bilateral,Independent Fan Coverage,Short-form Cricket Content,Spin & Swing,No
YouTube,@spinandswing26,Video,MAHI MAR RAHA HAI 🔥 | CSK VS LSG | IPL 2024,https://www.youtube.com/watch?v=2NHkFnbE_3A,2NHkFnbE_3A,,76,0,IPL 2026,Independent Fan Coverage,Short-form Cricket Content,Chennai Super Kings (CSK),No
YouTube,@spinandswing26,Video,Happy birthday Ms Dhoni !!,https://www.youtube.com/watch?v=6yXd_k4EqF0,6yXd_k4EqF0,,75,0,Cricket Coverage & Commentary,Independent Fan Coverage,Short-form Cricket Content,Spin & Swing,No
YouTube,@spinandswing26,Video,Back to Back Victory for India | Ind vs Ban | T20 World Cup 2024,https://www.youtube.com/watch?v=VhLPw8rE4TQ,VhLPw8rE4TQ,,72,0,ICC Men's T20 World Cup 2026,Independent Fan Coverage,Short-form Cricket Content,Spin & Swing,No
YouTube,@abhishekunseen26,Video,Pushpa 2 Vlog,https://www.youtube.com/watch?v=6v9q65QgyNA,6v9q65QgyNA,,71,0,Creator Journey & Vlogs (Abhishek Unseen),Creator Studio / Personal,Behind The Scenes / Vlog,Abhishek Unseen,No
YouTube,@spinandswing26,Video,India Qualified for Super Eight | India vs Usa,https://www.youtube.com/watch?v=b_1k1A8Fesc,b_1k1A8Fesc,,70,0,Cricket Coverage & Commentary,Independent Fan Coverage,Short-form Cricket Content,Spin & Swing,No
YouTube,@spinandswing26,Video,TRAVIS HEAD PLEASE STOP | RCB VS SRH | IPL 2024,https://www.youtube.com/watch?v=HDy-Fk_SjPk,HDy-Fk_SjPk,,70,0,IPL 2026,Independent Fan Coverage,Short-form Cricket Content,"Royal Challengers Bengaluru (RCB), Sunrisers Hyderabad (SRH)",No
YouTube,@abhishekunseen26,Video,Champions Trophy 🏆🏆🏆 | Vlog 19,https://www.youtube.com/watch?v=KP-Ki_YaQm4,KP-Ki_YaQm4,,69,0,Creator Journey & Vlogs (Abhishek Unseen),Creator Studio / Personal,Behind The Scenes / Vlog,Abhishek Unseen,No
YouTube,@spinandswing26,Video,Afghanistan took Revenge from Australia !!  | Aus vs Afg T20 World Cup 2024,https://www.youtube.com/watch?v=pE592I3L-6Y,pE592I3L-6Y,,68,0,ICC Men's T20 World Cup 2026,Independent Fan Coverage,Short-form Cricket Content,Spin & Swing,No
YouTube,@abhishekunseen26,Short,Episode 2 : Gsb Ganpati 🙏🏻❤️,https://www.youtube.com/shorts/P1voKyHWg20,P1voKyHWg20,,68,0,Creator Journey & Vlogs (Abhishek Unseen),Creator Studio / Personal,Short-form Cricket Content,Abhishek Unseen,No
YouTube,@spinandswing26,Video,India vs England Test Series | Anderson-Tendulkar Trophy | Spin & Swing,https://www.youtube.com/watch?v=aJGzUqAb4nQ,aJGzUqAb4nQ,,67,0,Cricket Coverage & Commentary,Independent Fan Coverage,Short-form Cricket Content,Spin & Swing,No
YouTube,@abhishekunseen26,Video,Ram leela mela | Dashara mela 2024,https://www.youtube.com/watch?v=2r-g25yLB1E,2r-g25yLB1E,,65,0,Creator Journey & Vlogs (Abhishek Unseen),Creator Studio / Personal,Short-form Cricket Content,Abhishek Unseen,No
YouTube,@spinandswing26,Video,Impact Player ( Rain) | Pbks vs Kkr - IPL 2025 | Spin & Swing,https://www.youtube.com/watch?v=ZwBjaywcUwQ,ZwBjaywcUwQ,,64,0,IPL 2026,Independent Fan Coverage,Short-form Cricket Content,Kolkata Knight Riders (KKR),No
YouTube,@spinandswing26,Video,Ee sala Cup naam de | Rcb vs MI - IPL 2025 | Spin & Swing,https://www.youtube.com/watch?v=-TRg29G5RCc,-TRg29G5RCc,,64,0,IPL 2026,Independent Fan Coverage,Short-form Cricket Content,"Mumbai Indians (MI), Royal Challengers Bengaluru (RCB)",No
YouTube,@spinandswing26,Video,Punjabi into the final | Shreyas Iyer 87* | Pbks vs Mi Qualifier 2 IPL 2025 | Spin & Swing,https://www.youtube.com/watch?v=b4kETsZ1WZ8,b4kETsZ1WZ8,,63,0,IPL 2026,Independent Fan Coverage,Short-form Cricket Content,Mumbai Indians (MI),No
YouTube,@spinandswing26,Video,Why Mumbai Why | Retired out | Mi vs Lsg - IPL 2025 | Spin & Swing,https://www.youtube.com/watch?v=28Uxr5vBrb0,28Uxr5vBrb0,,61,0,IPL 2026,Independent Fan Coverage,Short-form Cricket Content,Mumbai Indians (MI),No
YouTube,@spinandswing26,Video,Back to back 4 Wins for Mumbai Indians | Mi vs Srh - IPL 2025 | Spin & Swing,https://www.youtube.com/watch?v=VyT-I4wJOFw,VyT-I4wJOFw,,60,0,IPL 2026,Independent Fan Coverage,Short-form Cricket Content,"Mumbai Indians (MI), Sunrisers Hyderabad (SRH)",No
YouTube,@spinandswing26,Video,Jaiswal - Gill Century | India vs England 1st Test | Day 1 | Spin & Swing,https://www.youtube.com/watch?v=NIh39l2HdIc,NIh39l2HdIc,,58,0,Cricket Coverage & Commentary,Independent Fan Coverage,Short-form Cricket Content,Spin & Swing,No
YouTube,@spinandswing26,Short,Top 10 Teams which scored the most 200+ In International match,https://www.youtube.com/shorts/1Sva91CmLCI,1Sva91CmLCI,,57,0,Cricket Coverage & Commentary,Independent Fan Coverage,Match Analysis & Tactics,Spin & Swing,No
YouTube,@abhishekunseen26,Video,Sabarmati Riverfront Ahmedabad | Vlog 14,https://www.youtube.com/watch?v=jJF422d0VmE,jJF422d0VmE,,57,0,Creator Journey & Vlogs (Abhishek Unseen),Creator Studio / Personal,Behind The Scenes / Vlog,Abhishek Unseen,No
YouTube,@abhishekunseen26,Short,⁠Episode: 3 Chinchpoklicha Chintamani Raja 🙏🏻❤️,https://www.youtube.com/shorts/AdowSZU6m-U,AdowSZU6m-U,,57,0,Creator Journey & Vlogs (Abhishek Unseen),Creator Studio / Personal,Short-form Cricket Content,Abhishek Unseen,No
YouTube,@abhishekunseen26,Video,Ahmedabad to Delhi | Vlog 15,https://www.youtube.com/watch?v=NWxQKrzO8-8,NWxQKrzO8-8,,56,0,Creator Journey & Vlogs (Abhishek Unseen),Creator Studio / Personal,Behind The Scenes / Vlog,Abhishek Unseen,No
YouTube,@spinandswing26,Video,India vs Australia Semi - Final | Spin & Swing,https://www.youtube.com/watch?v=tApYD_A2WD0,tApYD_A2WD0,,55,0,IPL 2026,Independent Fan Coverage,Short-form Cricket Content,Mumbai Indians (MI),No
YouTube,@abhishekunseen26,Video,A Day in Reporter Life | Vlog ,https://www.youtube.com/watch?v=0HUClqf9nxc,0HUClqf9nxc,,55,0,Creator Journey & Vlogs (Abhishek Unseen),Creator Studio / Personal,Behind The Scenes / Vlog,Abhishek Unseen,No
YouTube,@spinandswing26,Video,De Kock 97 Runs 🔥 | KKR vs RR - IPL 2025,https://www.youtube.com/watch?v=3sp2jksFfCQ,3sp2jksFfCQ,,53,0,IPL 2026,Independent Fan Coverage,Short-form Cricket Content,Kolkata Knight Riders (KKR),No
YouTube,@spinandswing26,Video,Can India Win this World Cup ???  | T20 World Cup 2024,https://www.youtube.com/watch?v=SZmpox_5LYE,SZmpox_5LYE,,53,0,ICC Men's T20 World Cup 2026,Independent Fan Coverage,Short-form Cricket Content,Spin & Swing,No
YouTube,@spinandswing26,Video,VIRAT KOHLI VS  PAKISTAN | IND VS PAK | CHAMPIONS TROPHY,https://www.youtube.com/watch?v=spuUjpGshEM,spuUjpGshEM,,50,0,ICC Men's T20 World Cup 2026,Independent Fan Coverage,Short-form Cricket Content,Spin & Swing,No
YouTube,@abhishekunseen26,Video,Delhi to Chandigarh for GT vs PBKS Match | Vlog ,https://www.youtube.com/watch?v=wqLtoCfwBgM,wqLtoCfwBgM,,49,0,IPL 2026,Creator Studio / Personal,Behind The Scenes / Vlog,Gujarat Titans (GT),No
YouTube,@spinandswing26,Video,Gujarat Titans owns Kkr | Kkr vs Gt - IPL 2025 | Spin & Swing,https://www.youtube.com/watch?v=thlpH3A4ZE8,thlpH3A4ZE8,,48,0,IPL 2026,Independent Fan Coverage,Short-form Cricket Content,"Gujarat Titans (GT), Kolkata Knight Riders (KKR)",No
YouTube,@spinandswing26,Video,Bumrah 5 - Fer | Brook 99 | Eng vs Ind - Day 3 | Spin & Swing,https://www.youtube.com/watch?v=ZDjhxrMFOfE,ZDjhxrMFOfE,,47,0,Cricket Coverage & Commentary,Independent Fan Coverage,Short-form Cricket Content,Spin & Swing,No
YouTube,@spinandswing26,Video,Siraj 2.O - Easy Win for Gujarat Titans | SRH vs GT - IPL 2025 / Spin & Swing,https://www.youtube.com/watch?v=ejcy0ya-sxo,ejcy0ya-sxo,,47,0,IPL 2026,Independent Fan Coverage,Short-form Cricket Content,"Gujarat Titans (GT), Sunrisers Hyderabad (SRH)",No
YouTube,@spinandswing26,Video,Table topper Rcb | Mumbai Indians back to back 5 Win |Rcb vs Dc | Mi vs Lsg - IPL 2025 Spin & Swing,https://www.youtube.com/watch?v=TDyj_4Bjnus,TDyj_4Bjnus,,46,0,IPL 2026,Independent Fan Coverage,Short-form Cricket Content,"Mumbai Indians (MI), Royal Challengers Bengaluru (RCB)",No
YouTube,@spinandswing26,Video,England beat India by 5 Wickets | 1st Test - Eng vs Ind | Spin & Swing,https://www.youtube.com/watch?v=FXQ0RU_aTKo,FXQ0RU_aTKo,,44,0,Cricket Coverage & Commentary,Independent Fan Coverage,Short-form Cricket Content,Spin & Swing,No
YouTube,@abhishekunseen26,Video,Dpl Opening Ceremony 2026 | Dpl First Match ,https://www.youtube.com/watch?v=w2ry0G8wLW0,w2ry0G8wLW0,,44,0,DPL 2026 (Delhi Premier League),Creator Studio / Personal,Match Analysis & Tactics,Abhishek Unseen,No
YouTube,@spinandswing26,Short,Itna galat koi kaise ho sakta hai,https://www.youtube.com/shorts/BCSnO9N2Srs,BCSnO9N2Srs,,43,0,Cricket Coverage & Commentary,Independent Fan Coverage,Short-form Cricket Content,Spin & Swing,No
YouTube,@spinandswing26,Video,Ghante ka Bazball ! | Root 99 | Ind vs Eng - 3rd Test Day 1 | Spin & Swing,https://www.youtube.com/watch?v=rbDtHseol-Y,rbDtHseol-Y,,42,0,International Cricket Bilateral,Independent Fan Coverage,Short-form Cricket Content,Spin & Swing,No
YouTube,@spinandswing26,Video,Bumrah vs England | Pant 134 Runs | Ind vs Eng - Day 2 | Spin & Swing,https://www.youtube.com/watch?v=jL8xr6P6F08,jL8xr6P6F08,,36,0,International Cricket Bilateral,Independent Fan Coverage,Short-form Cricket Content,Spin & Swing,No
YouTube,@spinandswing26,Video,KAB SALA CUP NAAM DE ? | RCB VS RR Q1,https://www.youtube.com/watch?v=7EPC5TPW4dI,7EPC5TPW4dI,,34,0,IPL 2026,Independent Fan Coverage,Short-form Cricket Content,Royal Challengers Bengaluru (RCB),No
YouTube,@spinandswing26,Video,Finally end of home jinx for Rcb | Rcb vs RR - IPL 2025 | Spin & Swing,https://www.youtube.com/watch?v=a0zSjBPkOjI,a0zSjBPkOjI,,32,0,IPL 2026,Independent Fan Coverage,Short-form Cricket Content,Royal Challengers Bengaluru (RCB),No
YouTube,@spinandswing26,Video,IPL 2025 PREDICTION | EPISODE 4 | SPIN & SWING,https://www.youtube.com/watch?v=G8ypRSIm4Yw,G8ypRSIm4Yw,,0,0,IPL 2026,Independent Fan Coverage,Short-form Cricket Content,Spin & Swing,No
YouTube,@spinandswing26,Video,Ipl Mega Auction 2025 Predictions | Episode 2,https://www.youtube.com/watch?v=4ifuO224TTY,4ifuO224TTY,,0,0,IPL 2026,Independent Fan Coverage,Short-form Cricket Content,Spin & Swing,No
